Sample_Index,Value
0,0
1,-6518
2,-2543
3,-11646
4,-15709
5,-4989
6,-23228
7,-4939
8,-21532
9,-7000
10,-11183
11,-12904
12,-9861
13,-14114
14,10893
15,4247
16,2414
17,1915
18,32767
19,2216
20,2532
21,30195
22,3632
23,959
24,481
25,1788
26,610
27,3763
28,1697
29,406
30,1438
31,27524
32,1660
33,-109
34,2745
35,1032
36,1712
37,1113
38,24
39,3561
40,-34
41,925
42,1287
43,2144
44,16813
45,-3550
46,17155
47,-152
48,29770
49,24892
50,-2103
51,-3183
52,16702
53,6810
54,572
55,474
56,2924
57,4167
58,283
59,-3538
60,18036
61,12610
62,4254
63,18834
64,-246
65,17426
66,-3951
67,17360
68,-126
69,14256
70,23371
71,24440
72,32767
73,20210
74,1429
75,16927
76,2983
77,18138
78,13640
79,20353
80,12477
81,16755
82,17622
83,16786
84,11566
85,20248
86,13636
87,19237
88,14423
89,15833
90,16388
91,18031
92,15961
93,-8412
94,16313
95,29166
96,17182
97,471
98,18093
99,-1387
100,16783
101,16194
102,17008
103,19247
104,17282
105,15665
106,17341
107,16165
108,20078
109,17665
110,19267
111,14893
112,14733
113,16698
114,21779
115,16462
116,32767
117,18641
118,32767
119,14808
120,-599
121,17480
122,2256
123,18314
124,17544
125,17274
126,15750
127,16965
128,13995
129,25891
130,15068
131,20223
132,17717
133,14762
134,14279
135,19413
136,14572
137,21966
138,21037
139,26024
140,18157
141,32767
142,15660
143,334
144,17730
145,203
146,14400
147,18377
148,16546
149,16906
150,19007
151,14275
152,21789
153,16673
154,17371
155,14765
156,18488
157,12350
158,18982
159,15865
160,18216
161,21532
162,-32768
163,18430
164,32767
165,15286
166,-92
167,17196
168,-896
169,15564
170,17297
171,16606
172,13069
173,19166
174,15811
175,17533
176,14927
177,18353
178,12114
179,21788
180,17487
181,17515
182,18377
183,12875
184,16605
185,32767
186,14535
187,32767
188,18155
189,-1177
190,16977
191,1218
192,13306
193,13153
194,23159
195,15919
196,25224
197,14302
198,16499
199,11978
200,19839
201,13101
202,22214
203,16852
204,13214
205,20511
206,16523
207,17071
208,32767
209,12878
210,32767
211,23916
212,743
213,17043
214,-298
215,14893
216,12101
217,18102
218,14371
219,21055
220,18007
221,13062
222,14848
223,12976
224,12429
225,30265
226,19008
227,14836
228,18953
229,9764
230,10004
231,-14124
232,16119
233,-32768
234,22035
235,-1055
236,12626
237,-3885
238,17114
239,20443
240,14580
241,13357
242,20682
243,18197
244,16597
245,18886
246,15620
247,12590
248,22635
249,19120
250,15175
251,15807
252,15320
253,15453
254,32767
255,18369
256,10713
257,18344
258,378
259,10938
260,8017
261,14177
262,15231
263,2811
264,-14064
265,-1501
266,-13645
267,17899
268,-32768
269,-18234
270,-12367
271,-23482
272,-9107
273,-20702
274,-23903
275,-32768
276,-15061
277,-32768
278,-14026
279,-14865
280,275
281,-9975
282,-26114
283,-32768
284,-9911
285,202
286,-11685
287,694
288,-528
289,-15245
290,-5904
291,9787
292,5135
293,14516
294,-4406
295,-2059
296,10383
297,28588
298,-21330
299,-32768
300,25293
301,13560
302,1873
303,-14928
304,28869
305,-5219
306,-32768
307,32767
308,5305
309,9183
310,-18250
311,10250
312,-4829
313,-7193
314,-10236
315,-2169
316,-10004
317,23233
318,2232
319,-1868
320,-19064
321,-32768
322,-2153
323,1207
324,903
325,-10027
326,-26818
327,-7556
328,-4907
329,-879
330,-30229
331,-32353
332,-26552
333,10838
334,-5275
335,-18903
336,-8796
337,-27783
338,-31643
339,1070
340,-8141
341,-32768
342,-6769
343,-14438
344,-4016
345,8486
346,-6971
347,-14968
348,6426
349,-32768
350,2983
351,-37
352,-2030
353,-5767
354,-32768
355,-390
356,8622
357,13730
358,32767
359,19909
360,318
361,-13053
362,-66
363,2672
364,7019
365,-20419
366,32166
367,-12864
368,7385
369,3394
370,3663
371,-3420
372,4193
373,7124
374,12189
375,13545
376,8713
377,12361
378,11633
379,6396
380,13104
381,653
382,-16222
383,7243
384,3118
385,-1714
386,-32768
387,-6900
388,-32768
389,11074
390,-32112
391,-1496
392,7188
393,1006
394,-19573
395,-21960
396,23394
397,7480
398,28209
399,5030
400,-3063
401,-2469
402,-7703
403,12666
404,-11978
405,-31326
406,7548
407,-32768
408,-8877
409,32767
410,-11470
411,-11429
412,-22202
413,-10976
414,-18176
415,-32768
416,-9865
417,-32768
418,-17792
419,-8461
420,-16159
421,-2284
422,-22651
423,-10479
424,-18013
425,-16683
426,-13740
427,-13100
428,-12677
429,-9114
430,-28757
431,-3975
432,-6412
433,-1738
434,-337
435,-8066
436,6313
437,11441
438,-4341
439,-2011
440,-6172
441,-2730
442,3888
443,11430
444,255
445,19193
446,6629
447,1464
448,-8764
449,6498
450,10930
451,812
452,7580
453,12382
454,-32473
455,16632
456,15951
457,12553
458,16808
459,16079
460,17003
461,-32768
462,18377
463,32767
464,17488
465,2141
466,16400
467,1972
468,12502
469,13246
470,20748
471,26393
472,17436
473,17927
474,15409
475,13352
476,29230
477,12852
478,13720
479,15467
480,21493
481,15381
482,15463
483,19387
484,-32768
485,14654
486,32767
487,23696
488,-484
489,15616
490,-114
491,22228
492,17942
493,14038
494,32767
495,19710
496,7026
497,19812
498,20674
499,20680
500,18824
501,14267
502,15350
503,27968
504,13735
505,18410
506,18333
507,-32768
508,18859
509,-32768
510,14404
511,-1218
512,14485
513,3571
514,20286
515,15946
516,12969
517,23695
518,23266
519,10873
520,18582
521,14903
522,27759
523,13234
524,22026
525,17172
526,17937
527,9183
528,20649
529,19215
530,-17715
531,16353
532,23112
533,14340
534,2902
535,12293
536,-3438
537,14596
538,15013
539,15542
540,21518
541,20795
542,11776
543,17252
544,18792
545,22950
546,21061
547,19307
548,12005
549,26534
550,13329
551,23160
552,24751
553,25882
554,15223
555,-32768
556,15060
557,-2645
558,15963
559,-2650
560,18814
561,13422
562,14065
563,18067
564,17803
565,15642
566,18459
567,16420
568,23000
569,14025
570,12815
571,14799
572,21410
573,14747
574,20043
575,18888
576,-11915
577,20143
578,32767
579,17442
580,22
581,13627
582,46
583,19725
584,12375
585,16541
586,17487
587,19294
588,13756
589,16412
590,17414
591,22934
592,11911
593,18570
594,16470
595,17563
596,16236
597,14306
598,17286
599,-32768
600,16187
601,32767
602,20130
603,512
604,13941
605,3452
606,16405
607,11111
608,17574
609,16215
610,19509
611,18296
612,13444
613,14625
614,25204
615,14940
616,21696
617,17656
618,15886
619,14171
620,18435
621,18005
622,4020
623,16035
624,-32768
625,21385
626,3546
627,15371
628,581
629,15176
630,13007
631,19696
632,19021
633,14898
634,16973
635,16992
636,13847
637,21529
638,15723
639,24370
640,13551
641,16482
642,13249
643,20484
644,15862
645,-32768
646,17325
647,10075
648,18722
649,901
650,13544
651,-4044
652,17850
653,15646
654,12233
655,17449
656,12876
657,14587
658,18532
659,12042
660,19034
661,12961
662,15330
663,15845
664,19425
665,11940
666,15288
667,22026
668,-14893
669,14810
670,32767
671,17269
672,-7219
673,14686
674,-3216
675,28072
676,11816
677,8961
678,17494
679,21711
680,8576
681,16615
682,11581
683,28749
684,12789
685,14099
686,14953
687,23851
688,14130
689,17433
690,32767
691,32767
692,11494
693,-1802
694,14934
695,2973
696,20236
697,-703
698,24871
699,12158
700,10862
701,22817
702,19340
703,4002
704,24825
705,15587
706,16630
707,15558
708,7935
709,18113
710,19781
711,15382
712,16166
713,32767
714,14943
715,16262
716,-28644
717,12742
718,4115
719,13402
720,2282
721,29561
722,20022
723,10753
724,2476
725,14244
726,3001
727,24644
728,14237
729,17651
730,12297
731,12099
732,13625
733,15991
734,2441
735,18818
736,11929
737,32767
738,-20323
739,-18335
740,-1458
741,-5946
742,-24170
743,-17515
744,9876
745,-4859
746,8712
747,-5139
748,13220
749,-23534
750,-2998
751,-32768
752,-32768
753,943
754,20714
755,-9780
756,-8136
757,-19673
758,-32768
759,11648
760,28105
761,7643
762,-13584
763,-13075
764,-9826
765,15734
766,-32768
767,4279
768,3676
769,8537
770,32767
771,18655
772,-9330
773,-12168
774,8169
775,-32768
776,-23771
777,-32768
778,-2498
779,3742
780,-4798
781,-8269
782,-17115
783,3385
784,-32768
785,-16143
786,-16070
787,-8507
788,-32768
789,-3054
790,-17910
791,-16167
792,-21480
793,-4405
794,-20524
795,-14626
796,-12473
797,-2132
798,-15186
799,-30109
800,-13924
801,-15035
802,-15638
803,-11224
804,-10559
805,-19077
806,-25217
807,-26093
808,-14197
809,-19089
810,-3407
811,-16258
812,-7495
813,-15788
814,-25720
815,-18020
816,-26039
817,-32768
818,-18154
819,-18734
820,-25587
821,-15485
822,-32768
823,-13968
824,4641
825,-10023
826,-21040
827,-19444
828,-11189
829,-32768
830,-7535
831,-7376
832,-29565
833,-22585
834,-10679
835,-9355
836,1735
837,-3974
838,-7007
839,-14145
840,-12789
841,-15416
842,-3988
843,-11266
844,-5043
845,-29477
846,-7768
847,-5301
848,-3666
849,-3045
850,-8209
851,-5839
852,-8686
853,-6863
854,-8788
855,2889
856,-26731
857,-8358
858,-4144
859,-2507
860,8478
861,-9623
862,-10642
863,-9302
864,-12494
865,12971
866,-7288
867,-32768
868,-14023
869,-23650
870,-15772
871,-6225
872,-31678
873,-20074
874,-25560
875,2305
876,1616
877,-13068
878,-15378
879,-4837
880,-11803
881,-1526
882,-26022
883,-28116
884,-19132
885,-10748
886,-15206
887,-22619
888,-15280
889,-32768
890,-14801
891,-32768
892,-1077
893,-7635
894,-11410
895,-21381
896,-18747
897,-20460
898,-14495
899,-15367
900,-32768
901,-21402
902,-26131
903,-3090
904,-11041
905,-7573
906,8299
907,-20572
908,-9760
909,-9849
910,7285
911,-13151
912,-7312
913,-782
914,11307
915,26685
916,30921
917,-1444
918,4951
919,-3972
920,-1735
921,15043
922,-32768
923,4423
924,-1329
925,-8044
926,-32768
927,-32768
928,23389
929,9247
930,5783
931,14315
932,16855
933,14516
934,21764
935,19138
936,19557
937,17764
938,21885
939,13329
940,25227
941,17773
942,23122
943,18409
944,32767
945,15597
946,32767
947,12223
948,3192
949,16212
950,-1964
951,20793
952,19390
953,18562
954,15304
955,15940
956,13888
957,21145
958,14313
959,21723
960,16520
961,18672
962,12520
963,17513
964,15348
965,23536
966,18283
967,12863
968,17323
969,32767
970,16235
971,-1636
972,17162
973,-185
974,16839
975,13982
976,14940
977,19938
978,23512
979,15696
980,14824
981,22213
982,13842
983,15888
984,24689
985,12284
986,22844
987,18066
988,14174
989,18044
990,32767
991,8726
992,-32768
993,14682
994,-3685
995,17158
996,-844
997,13884
998,16266
999,13666
1000,9908
1001,17813
1002,17238
1003,15939
1004,15876
1005,17494
1006,14841
1007,21595
1008,9394
1009,10155
1010,18584
1011,16458
1012,-1282
1013,-32768
1014,8315
1015,-32768
1016,17556
1017,-2236
1018,22371
1019,3276
1020,4126
1021,20188
1022,16153
1023,9364
1024,19056
1025,14358
1026,26738
1027,21568
1028,10006
1029,14612
1030,21780
1031,15106
1032,22699
1033,24799
1034,20972
1035,13873
1036,32767
1037,13832
1038,-32768
1039,27414
1040,669
1041,16215
1042,4860
1043,476
1044,13854
1045,11651
1046,1986
1047,23926
1048,15705
1049,23066
1050,14195
1051,5546
1052,11765
1053,14541
1054,13775
1055,25033
1056,23005
1057,12847
1058,14974
1059,-32768
1060,11987
1061,-32768
1062,26646
1063,182
1064,10960
1065,-382
1066,7660
1067,14832
1068,21702
1069,7049
1070,19616
1071,11536
1072,10797
1073,16404
1074,10452
1075,14007
1076,17658
1077,13657
1078,17552
1079,22652
1080,18825
1081,17101
1082,32767
1083,15887
1084,-32768
1085,17990
1086,-657
1087,16417
1088,-1621
1089,16873
1090,19421
1091,17624
1092,13873
1093,15914
1094,16326
1095,18150
1096,15221
1097,15074
1098,18502
1099,20263
1100,12555
1101,16395
1102,16159
1103,19828
1104,15903
1105,32767
1106,19782
1107,-32768
1108,14125
1109,741
1110,19490
1111,-189
1112,12083
1113,19860
1114,20910
1115,15187
1116,17311
1117,14419
1118,22822
1119,14255
1120,14134
1121,16795
1122,18244
1123,12197
1124,14680
1125,17781
1126,22170
1127,18518
1128,32767
1129,24128
1130,-32768
1131,12155
1132,-752
1133,18799
1134,-817
1135,15425
1136,18922
1137,20003
1138,18249
1139,15622
1140,14073
1141,22627
1142,14427
1143,20091
1144,16276
1145,16248
1146,10059
1147,20272
1148,15899
1149,19087
1150,22430
1151,32767
1152,17374
1153,32767
1154,17098
1155,2722
1156,17338
1157,-2368
1158,18351
1159,13764
1160,14915
1161,17248
1162,19587
1163,12649
1164,21490
1165,16864
1166,21689
1167,12734
1168,14882
1169,10428
1170,18512
1171,16824
1172,9590
1173,13937
1174,32767
1175,10934
1176,32767
1177,21928
1178,1689
1179,14630
1180,-4033
1181,17471
1182,18618
1183,17895
1184,10165
1185,15510
1186,16541
1187,15247
1188,32767
1189,17091
1190,7169
1191,20322
1192,12257
1193,12012
1194,23203
1195,1910
1196,12648
1197,-7899
1198,8344
1199,32767
1200,28274
1201,-3759
1202,28121
1203,4096
1204,8370
1205,16583
1206,14017
1207,11825
1208,32767
1209,15424
1210,21230
1211,25118
1212,7989
1213,-3894
1214,15863
1215,6194
1216,-9740
1217,-8477
1218,13603
1219,-32768
1220,-1578
1221,-16551
1222,-2273
1223,-13575
1224,-11406
1225,-14356
1226,-4495
1227,-11036
1228,-11863
1229,-13239
1230,1873
1231,-9124
1232,-4852
1233,-15339
1234,-7310
1235,32767
1236,-10631
1237,-11689
1238,-3470
1239,-23721
1240,-14949
1241,-19015
1242,-31102
1243,-16274
1244,-5769
1245,16739
1246,-18064
1247,-9836
1248,-20252
1249,-10567
1250,-7719
1251,-2491
1252,-12120
1253,-11670
1254,-10602
1255,-13653
1256,-9025
1257,-2583
1258,-9147
1259,-19397
1260,-15164
1261,-14201
1262,-10926
1263,-21062
1264,-4443
1265,-28644
1266,-2631
1267,-14152
1268,-32768
1269,-10729
1270,-8285
1271,6013
1272,1923
1273,-4719
1274,-10475
1275,-19295
1276,-3664
1277,-16384
1278,-9153
1279,-14557
1280,-14645
1281,-18802
1282,-14161
1283,-13034
1284,-3797
1285,-14158
1286,-9605
1287,-8116
1288,-11449
1289,-26483
1290,-27599
1291,-17576
1292,-186
1293,459
1294,-27345
1295,-12999
1296,-18723
1297,-15284
1298,-10912
1299,-10733
1300,7639
1301,-13699
1302,-8502
1303,-11436
1304,-6465
1305,-5902
1306,-6629
1307,4665
1308,-2151
1309,-9328
1310,-14246
1311,-12296
1312,-12761
1313,-19216
1314,-23230
1315,-9373
1316,-3112
1317,-10132
1318,-14775
1319,-24287
1320,-11874
1321,-10246
1322,-2967
1323,-10963
1324,-8805
1325,-15681
1326,-16681
1327,-22720
1328,-6123
1329,-2117
1330,-3574
1331,-7562
1332,-14839
1333,-4813
1334,-4293
1335,-21328
1336,-12196
1337,-13538
1338,7692
1339,-5963
1340,6022
1341,-14354
1342,-27630
1343,5075
1344,-2396
1345,-5381
1346,-7970
1347,-12656
1348,-24436
1349,-12772
1350,-13280
1351,-9444
1352,-11834
1353,-9611
1354,-5911
1355,-27332
1356,-22803
1357,-14515
1358,-29416
1359,-12157
1360,-32768
1361,-14967
1362,-22807
1363,-12262
1364,-3451
1365,-11422
1366,-22241
1367,-1199
1368,-27208
1369,-11149
1370,-7384
1371,32767
1372,-10134
1373,-20511
1374,-9997
1375,-21958
1376,-12518
1377,-8669
1378,-11254
1379,-12835
1380,-8285
1381,-13338
1382,-19815
1383,13805
1384,-24376
1385,-29685
1386,-3998
1387,533
1388,-31311
1389,-8414
1390,-20245
1391,-8363
1392,-10969
1393,-25993
1394,-25530
1395,-6712
1396,-9659
1397,-10867
1398,-20476
1399,-8327
1400,-10290
1401,-10143
1402,-8468
1403,-5026
1404,-32768
1405,-27170
1406,-9926
1407,-8731
1408,-4463
1409,-10639
1410,-5000
1411,-2832
1412,-1498
1413,15103
1414,18197
1415,20653
1416,19127
1417,15748
1418,19148
1419,17610
1420,14324
1421,23772
1422,16446
1423,17952
1424,17040
1425,16739
1426,14173
1427,-12395
1428,18567
1429,32767
1430,15072
1431,2521
1432,17389
1433,-904
1434,19134
1435,15939
1436,17004
1437,17788
1438,18412
1439,14827
1440,21106
1441,16468
1442,17818
1443,19306
1444,17454
1445,15987
1446,15600
1447,16536
1448,20348
1449,19961
1450,32767
1451,18349
1452,32767
1453,11705
1454,882
1455,17476
1456,788
1457,16601
1458,16358
1459,12986
1460,24558
1461,15863
1462,10853
1463,19532
1464,16783
1465,23558
1466,18324
1467,13396
1468,16626
1469,25033
1470,13598
1471,14331
1472,21584
1473,1611
1474,9996
1475,-6529
1476,18402
1477,674
1478,14295
1479,299
1480,16319
1481,17242
1482,11063
1483,24968
1484,22417
1485,11425
1486,15100
1487,25719
1488,19219
1489,11696
1490,14106
1491,14569
1492,32767
1493,21126
1494,11434
1495,20861
1496,-8607
1497,9774
1498,28051
1499,22255
1500,-2576
1501,14718
1502,388
1503,14900
1504,12926
1505,15418
1506,11660
1507,22149
1508,14565
1509,17555
1510,22341
1511,19719
1512,8953
1513,17149
1514,15199
1515,23322
1516,24693
1517,14771
1518,18203
1519,12358
1520,11703
1521,-32768
1522,19416
1523,-2205
1524,24209
1525,2531
1526,11817
1527,13276
1528,12795
1529,11438
1530,21378
1531,8412
1532,18770
1533,15875
1534,8855
1535,14442
1536,13226
1537,11856
1538,29900
1539,16765
1540,14724
1541,25670
1542,31503
1543,15417
1544,-32768
1545,21799
1546,-3180
1547,19629
1548,1437
1549,10539
1550,10362
1551,16322
1552,15565
1553,17536
1554,11835
1555,14118
1556,21466
1557,22557
1558,15009
1559,13280
1560,15478
1561,16721
1562,19026
1563,13261
1564,16881
1565,32767
1566,16025
1567,32767
1568,20057
1569,1872
1570,14098
1571,1653
1572,16604
1573,14533
1574,16646
1575,20284
1576,22364
1577,12849
1578,19047
1579,17042
1580,23688
1581,12811
1582,17521
1583,17376
1584,21489
1585,14477
1586,17444
1587,22321
1588,32767
1589,17346
1590,32767
1591,16827
1592,491
1593,15993
1594,302
1595,20067
1596,16062
1597,15501
1598,18345
1599,17689
1600,10590
1601,17180
1602,16418
1603,18563
1604,17379
1605,15797
1606,14019
1607,17861
1608,13160
1609,20110
1610,22475
1611,32767
1612,16972
1613,32767
1614,14717
1615,-581
1616,16276
1617,-691
1618,18204
1619,17566
1620,14883
1621,15852
1622,16579
1623,12119
1624,19211
1625,16406
1626,24350
1627,18123
1628,15777
1629,12654
1630,17446
1631,16672
1632,19478
1633,17605
1634,27088
1635,15992
1636,32767
1637,14124
1638,828
1639,18303
1640,606
1641,23083
1642,24451
1643,14613
1644,15131
1645,19914
1646,13419
1647,22910
1648,18568
1649,22646
1650,14203
1651,16175
1652,8770
1653,22532
1654,16162
1655,11094
1656,22727
1657,32767
1658,13537
1659,32767
1660,13400
1661,1451
1662,17336
1663,1410
1664,19443
1665,15540
1666,11329
1667,11379
1668,6074
1669,10150
1670,32767
1671,-24430
1672,3918
1673,2413
1674,-5185
1675,32767
1676,30301
1677,10132
1678,-2118
1679,1989
1680,2207
1681,-4678
1682,5966
1683,18372
1684,32767
1685,5489
1686,-32768
1687,-21069
1688,-344
1689,9254
1690,27355
1691,16720
1692,9207
1693,-15
1694,-11521
1695,8073
1696,21648
1697,10635
1698,3904
1699,22847
1700,12380
1701,8884
1702,-2890
1703,278
1704,6344
1705,5149
1706,18199
1707,31291
1708,5802
1709,32767
1710,4874
1711,8713
1712,15228
1713,7118
1714,20713
1715,7628
1716,-15172
1717,570
1718,20061
1719,7810
1720,14526
1721,10287
1722,25317
1723,16810
1724,19074
1725,-5673
1726,-3603
1727,8903
1728,6445
1729,32767
1730,32767
1731,-14348
1732,31186
1733,22266
1734,12382
1735,13859
1736,16994
1737,15973
1738,14863
1739,16889
1740,28771
1741,20892
1742,11133
1743,14865
1744,18175
1745,23650
1746,17313
1747,11157
1748,5040
1749,32767
1750,8971
1751,-22737
1752,17581
1753,32767
1754,13343
1755,32767
1756,12656
1757,10487
1758,15794
1759,5722
1760,20566
1761,16678
1762,15505
1763,13460
1764,13061
1765,10880
1766,20432
1767,19241
1768,14464
1769,13881
1770,13597
1771,16407
1772,-4901
1773,9555
1774,-27507
1775,4153
1776,32767
1777,13983
1778,-2402
1779,25926
1780,1279
1781,10651
1782,11231
1783,22157
1784,13405
1785,9579
1786,15478
1787,17280
1788,17817
1789,19998
1790,2592
1791,10342
1792,16713
1793,4424
1794,6424
1795,1633
1796,19790
1797,-32768
1798,17836
1799,4182
1800,23400
1801,-411
1802,19625
1803,16887
1804,14280
1805,19546
1806,27942
1807,13326
1808,12172
1809,14708
1810,18914
1811,9442
1812,15097
1813,12889
1814,14869
1815,16946
1816,16155
1817,14813
1818,-9992
1819,15221
1820,31831
1821,11521
1822,3407
1823,17322
1824,5641
1825,25695
1826,12538
1827,12983
1828,26377
1829,11681
1830,14968
1831,4202
1832,15250
1833,18550
1834,11375
1835,25008
1836,14869
1837,15791
1838,10908
1839,14374
1840,14914
1841,32767
1842,12949
1843,32767
1844,18019
1845,-1718
1846,17459
1847,1746
1848,15098
1849,16760
1850,20229
1851,21887
1852,13986
1853,16708
1854,10868
1855,13683
1856,18959
1857,25757
1858,19068
1859,5814
1860,14080
1861,10981
1862,7928
1863,17560
1864,-2220
1865,11574
1866,10232
1867,19667
1868,32767
1869,-32768
1870,24155
1871,32767
1872,29390
1873,-32768
1874,16130
1875,-12079
1876,3435
1877,23630
1878,15021
1879,-14215
1880,-10595
1881,1860
1882,7749
1883,15800
1884,1967
1885,16502
1886,20258
1887,32767
1888,14592
1889,-32768
1890,18911
1891,1805
1892,17691
1893,2423
1894,12139
1895,16713
1896,17084
1897,16387
1898,19174
1899,4612
1900,16924
1901,12936
1902,19286
1903,16435
1904,17901
1905,15049
1906,12491
1907,16588
1908,24066
1909,17159
1910,-32308
1911,17560
1912,32767
1913,15286
1914,4303
1915,14652
1916,590
1917,23030
1918,14396
1919,21367
1920,20747
1921,12975
1922,18035
1923,19984
1924,10320
1925,19829
1926,18643
1927,14892
1928,20081
1929,13759
1930,18380
1931,18303
1932,11901
1933,32767
1934,19047
1935,32767
1936,10611
1937,4591
1938,12757
1939,898
1940,21822
1941,13064
1942,23899
1943,31433
1944,11106
1945,13925
1946,16865
1947,10730
1948,24173
1949,13142
1950,28606
1951,17690
1952,12727
1953,16685
1954,16120
1955,17585
1956,-32768
1957,17290
1958,32767
1959,15213
1960,5721
1961,15418
1962,-3736
1963,19700
1964,14938
1965,20974
1966,24054
1967,21489
1968,15992
1969,13220
1970,8417
1971,28980
1972,14945
1973,20863
1974,14100
1975,17580
1976,12692
1977,17519
1978,15790
1979,32767
1980,18753
1981,-29533
1982,17209
1983,1426
1984,15821
1985,-1630
1986,18508
1987,19555
1988,15691
1989,17113
1990,17406
1991,13290
1992,21311
1993,17217
1994,23242
1995,17512
1996,16608
1997,13012
1998,18585
1999,15818
2000,17285
2001,17876
2002,-21501
2003,17067
2004,-32768
2005,16349
2006,1308
2007,21802
2008,1144
2009,11656
2010,19631
2011,17733
2012,14285
2013,20974
2014,15661
2015,18784
2016,18915
2017,14328
2018,14349
2019,21326
2020,16539
2021,16619
2022,17798
2023,14772
2024,17271
2025,20029
2026,14377
2027,32767
2028,16822
2029,-2279
2030,19715
2031,1021
2032,11881
2033,14856
2034,18378
2035,12802
2036,22614
2037,16400
2038,15802
2039,20954
2040,16977
2041,12422
2042,19678
2043,15290
2044,18017
2045,22189
2046,10879
2047,16258
2048,32767
2049,15482
2050,-32768
2051,19634
2052,462
2053,17208
2054,2204
2055,14615
2056,13361
2057,15454
2058,13695
2059,20148
2060,17287
2061,13524
2062,15695
2063,19043
2064,11588
2065,17748
2066,18110
2067,16511
2068,15027
2069,12514
2070,14558
2071,-32768
2072,17302
2073,32767
2074,19953
2075,1407
2076,13282
2077,3067
2078,16117
2079,13115
2080,19060
2081,16415
2082,15891
2083,16744
2084,16380
2085,12465
2086,25235
2087,12552
2088,17908
2089,15937
2090,13965
2091,14342
2092,16288
2093,16875
2094,-32768
2095,15737
2096,5589
2097,19202
2098,1280
2099,15664
2100,-596
2101,19356
2102,10568
2103,19604
2104,18651
2105,17388
2106,15955
2107,15999
2108,13291
2109,28796
2110,16612
2111,17389
2112,14902
2113,14466
2114,14274
2115,15031
2116,15666
2117,-16985
2118,22649
2119,32767
2120,17467
2121,991
2122,14095
2123,-2523
2124,19241
2125,11805
2126,21136
2127,25435
2128,9983
2129,14068
2130,22677
2131,12657
2132,25659
2133,16745
2134,15102
2135,15201
2136,8501
2137,13188
2138,19053
2139,15240
2140,31284
2141,18359
2142,32767
2143,15042
2144,6344
2145,13053
2146,907
2147,20599
2148,16776
2149,23388
2150,23213
2151,16053
2152,12687
2153,20154
2154,11865
2155,24747
2156,17511
2157,15345
2158,16496
2159,19850
2160,15513
2161,15963
2162,19614
2163,32767
2164,14050
2165,-10371
2166,-32768
2167,6928
2168,-5706
2169,-6165
2170,-16084
2171,-16628
2172,-11266
2173,-11194
2174,-27369
2175,-32768
2176,-4804
2177,-22738
2178,-32768
2179,-14017
2180,-18650
2181,-28914
2182,-8848
2183,-13004
2184,-12730
2185,-5393
2186,29284
2187,-32768
2188,4874
2189,-2309
2190,-32768
2191,-32768
2192,-12498
2193,-14277
2194,-9709
2195,32767
2196,-8725
2197,868
2198,-32768
2199,5519
2200,7342
2201,7030
2202,16042
2203,-14260
2204,-1478
2205,-19349
2206,-3844
2207,1987
2208,-15340
2209,-3068
2210,6724
2211,25552
2212,12380
2213,5674
2214,-6637
2215,32364
2216,-32768
2217,20004
2218,-6615
2219,19010
2220,-2508
2221,-4817
2222,8071
2223,12891
2224,-5084
2225,-4923
2226,-4420
2227,-4109
2228,12062
2229,7023
2230,32767
2231,-2646
2232,-26677
2233,19611
2234,7575
2235,-4324
2236,7587
2237,-2598
2238,11429
2239,-256
2240,-11428
2241,-8701
2242,28243
2243,1813
2244,-2736
2245,12208
2246,973
2247,-21681
2248,-11675
2249,-32768
2250,-20755
2251,-946
2252,-11650
2253,-11596
2254,-27658
2255,-10849
2256,-17964
2257,-27745
2258,-20901
2259,-7069
2260,-6925
2261,-22791
2262,-20857
2263,-16774
2264,-19604
2265,-2661
2266,-12004
2267,-16899
2268,32767
2269,-32768
2270,-13897
2271,-2459
2272,-32768
2273,2299
2274,-30050
2275,-11901
2276,-29938
2277,-8332
2278,-30862
2279,-32768
2280,11253
2281,-6793
2282,-4908
2283,-10420
2284,-4610
2285,-8256
2286,-7953
2287,-32768
2288,2284
2289,-4135
2290,-31201
2291,-5901
2292,-12257
2293,16156
2294,-10892
2295,-15405
2296,-10758
2297,457
2298,-9209
2299,-21702
2300,-9878
2301,-3170
2302,-12268
2303,-3450
2304,-23229
2305,1053
2306,-13082
2307,-32768
2308,-1720
2309,-12761
2310,7952
2311,9676
2312,-14311
2313,-9805
2314,19118
2315,-17062
2316,-8743
2317,-1045
2318,3101
2319,32767
2320,8359
2321,32767
2322,-4163
2323,1211
2324,-2341
2325,22850
2326,-1457
2327,13633
2328,-5682
2329,-32768
2330,-32768
2331,-947
2332,-12321
2333,32177
2334,-15355
2335,25122
2336,7550
2337,12572
2338,-6135
2339,9548
2340,3178
2341,1776
2342,8594
2343,32767
2344,-1391
2345,-7207
2346,7683
2347,1123
2348,8876
2349,7461
2350,6164
2351,15928
2352,15920
2353,-32768
2354,815
2355,-5501
2356,32767
2357,32767
2358,5478
2359,16861
2360,19768
2361,15685
2362,18376
2363,15912
2364,16182
2365,13631
2366,14185
2367,13857
2368,25296
2369,16084
2370,32767
2371,17412
2372,32767
2373,16185
2374,2363
2375,15660
2376,-1702
2377,12822
2378,13700
2379,19217
2380,15358
2381,19223
2382,22950
2383,17830
2384,10131
2385,20501
2386,14997
2387,21916
2388,15970
2389,15476
2390,14724
2391,16426
2392,15274
2393,-32768
2394,18089
2395,4406
2396,18851
2397,4640
2398,11855
2399,-235
2400,18693
2401,15948
2402,19119
2403,19836
2404,15211
2405,15532
2406,17193
2407,13052
2408,22578
2409,15750
2410,20391
2411,16320
2412,13876
2413,12621
2414,22369
2415,13229
2416,32767
2417,19772
2418,32767
2419,16070
2420,2413
2421,15493
2422,56
2423,19833
2424,21187
2425,20451
2426,16923
2427,16297
2428,13984
2429,27724
2430,12945
2431,15702
2432,23067
2433,15945
2434,12701
2435,17000
2436,15787
2437,23767
2438,18053
2439,1953
2440,19244
2441,-32768
2442,8564
2443,-1417
2444,21044
2445,3650
2446,12491
2447,22301
2448,16840
2449,14628
2450,16235
2451,24280
2452,28823
2453,16467
2454,17237
2455,31586
2456,18618
2457,-1190
2458,18728
2459,19676
2460,7178
2461,17468
2462,-4754
2463,13093
2464,32767
2465,16591
2466,2033
2467,20297
2468,1165
2469,10601
2470,28006
2471,22644
2472,14734
2473,18866
2474,15069
2475,32767
2476,22849
2477,12558
2478,21395
2479,15761
2480,2485
2481,27152
2482,19252
2483,23920
2484,17974
2485,-11731
2486,9784
2487,-32768
2488,5177
2489,-1308
2490,17232
2491,-503
2492,16329
2493,22231
2494,11683
2495,13853
2496,11658
2497,12844
2498,27892
2499,20519
2500,16058
2501,25585
2502,17179
2503,12858
2504,17902
2505,17096
2506,21181
2507,17154
2508,31644
2509,16237
2510,32767
2511,10160
2512,325
2513,19853
2514,2369
2515,12877
2516,13620
2517,18536
2518,12631
2519,16697
2520,16444
2521,25665
2522,17013
2523,16293
2524,22160
2525,23947
2526,13848
2527,15637
2528,18074
2529,24860
2530,17173
2531,32767
2532,19476
2533,-32768
2534,15390
2535,2307
2536,19317
2537,443
2538,12532
2539,17338
2540,21005
2541,17367
2542,13867
2543,17607
2544,18803
2545,13314
2546,18906
2547,16455
2548,22972
2549,13848
2550,13572
2551,22167
2552,21395
2553,12626
2554,-32768
2555,21170
2556,32767
2557,14045
2558,5212
2559,15186
2560,1574
2561,15560
2562,17973
2563,20430
2564,16055
2565,15230
2566,22521
2567,21242
2568,10945
2569,17770
2570,19490
2571,21407
2572,15969
2573,11137
2574,13737
2575,21698
2576,15307
2577,-32768
2578,23574
2579,32767
2580,17079
2581,1975
2582,15302
2583,676
2584,20633
2585,13039
2586,15437
2587,22766
2588,15579
2589,14625
2590,15344
2591,10915
2592,27834
2593,15561
2594,16495
2595,16402
2596,17253
2597,16073
2598,17663
2599,21042
2600,-32768
2601,18228
2602,32767
2603,16080
2604,-2548
2605,16434
2606,2660
2607,16419
2608,15608
2609,16800
2610,-20286
2611,-10500
2612,-15997
2613,-25213
2614,-17148
2615,-15346
2616,-19558
2617,-13382
2618,-5591
2619,-15781
2620,32767
2621,-5553
2622,-16739
2623,6777
2624,7214
2625,8232
2626,-2521
2627,-8205
2628,6812
2629,2473
2630,-4876
2631,-13380
2632,-5860
2633,12735
2634,12794
2635,6028
2636,14998
2637,13194
2638,14610
2639,18610
2640,29141
2641,16846
2642,31253
2643,9347
2644,1588
2645,3419
2646,22057
2647,32767
2648,12261
2649,15397
2650,7291
2651,17419
2652,29313
2653,479
2654,15516
2655,-10265
2656,4976
2657,-13325
2658,7972
2659,9272
2660,23330
2661,23322
2662,21022
2663,32767
2664,15050
2665,23719
2666,10591
2667,11199
2668,10616
2669,20152
2670,11034
2671,6755
2672,-753
2673,15134
2674,11157
2675,12240
2676,8265
2677,3008
2678,15604
2679,6458
2680,14235
2681,25936
2682,-5639
2683,2065
2684,5082
2685,-3468
2686,9041
2687,-1412
2688,41
2689,7063
2690,-3377
2691,14883
2692,9893
2693,8144
2694,21614
2695,20282
2696,14566
2697,24732
2698,8703
2699,6103
2700,2931
2701,17964
2702,4184
2703,-6614
2704,-10721
2705,-3532
2706,-3934
2707,841
2708,-9421
2709,4915
2710,7014
2711,5243
2712,3865
2713,6571
2714,2898
2715,14396
2716,10155
2717,8814
2718,16174
2719,13070
2720,10459
2721,-5880
2722,10690
2723,8016
2724,7446
2725,4291
2726,11570
2727,-2595
2728,-7764
2729,-5746
2730,5124
2731,2149
2732,8849
2733,4489
2734,-8146
2735,-6885
2736,-11249
2737,-5254
2738,-12636
2739,-16073
2740,-29060
2741,-17185
2742,-4229
2743,-12520
2744,-32768
2745,-16190
2746,-17548
2747,-11105
2748,-10853
2749,-8289
2750,-10693
2751,-13648
2752,-15905
2753,-10329
2754,-13246
2755,-12649
2756,-26041
2757,-12653
2758,-10341
2759,-11591
2760,-16046
2761,-6386
2762,-6318
2763,-17312
2764,-19543
2765,-15095
2766,-19466
2767,-9723
2768,-19468
2769,-6101
2770,-12440
2771,-17584
2772,-12332
2773,-9690
2774,-14671
2775,-14850
2776,-10800
2777,-21668
2778,-14677
2779,-13583
2780,-9047
2781,-6397
2782,-17546
2783,-29829
2784,-10279
2785,-12752
2786,-7626
2787,-8965
2788,-6231
2789,-10679
2790,-951
2791,-6074
2792,-10632
2793,-4049
2794,-4841
2795,-9352
2796,-11669
2797,-9694
2798,-9073
2799,-10107
2800,-6799
2801,-4894
2802,1046
2803,-6685
2804,-5819
2805,-9430
2806,13142
2807,-32768
2808,20810
2809,32767
2810,20247
2811,922
2812,19508
2813,-3676
2814,26458
2815,20533
2816,14445
2817,20955
2818,18416
2819,14004
2820,20747
2821,32767
2822,18010
2823,16735
2824,27079
2825,12909
2826,15894
2827,18990
2828,18295
2829,14737
2830,32767
2831,15764
2832,29604
2833,21183
2834,3908
2835,13368
2836,3291
2837,14972
2838,14793
2839,18596
2840,17702
2841,17353
2842,21410
2843,19681
2844,14804
2845,18177
2846,15467
2847,25291
2848,16335
2849,14910
2850,21367
2851,14867
2852,16512
2853,-32768
2854,16158
2855,32767
2856,16502
2857,734
2858,14535
2859,2574
2860,17509
2861,10688
2862,18683
2863,18254
2864,18337
2865,23710
2866,14701
2867,14973
2868,22971
2869,15214
2870,19286
2871,14958
2872,16199
2873,19205
2874,13844
2875,14729
2876,-25396
2877,14453
2878,-32768
2879,20138
2880,5795
2881,17603
2882,-1893
2883,16146
2884,14164
2885,15717
2886,19110
2887,13137
2888,14816
2889,22653
2890,16975
2891,19685
2892,18034
2893,17846
2894,15325
2895,16106
2896,14414
2897,18234
2898,13422
2899,32767
2900,18670
2901,32767
2902,14422
2903,2083
2904,19008
2905,758
2906,23378
2907,18570
2908,23084
2909,18720
2910,13111
2911,8363
2912,18987
2913,9490
2914,24599
2915,21888
2916,12674
2917,13862
2918,19906
2919,14142
2920,21936
2921,19307
2922,14284
2923,19659
2924,30474
2925,9210
2926,434
2927,23370
2928,-2475
2929,22342
2930,17506
2931,20914
2932,10971
2933,14617
2934,21099
2935,16066
2936,14930
2937,17381
2938,18534
2939,11529
2940,16279
2941,19163
2942,13669
2943,32767
2944,23765
2945,18940
2946,12696
2947,-2177
2948,21818
2949,8987
2950,16310
2951,-805
2952,15169
2953,14682
2954,7377
2955,12429
2956,15273
2957,6267
2958,19677
2959,13314
2960,12719
2961,19378
2962,11831
2963,10330
2964,22054
2965,13520
2966,23562
2967,12630
2968,13137
2969,22185
2970,-32768
2971,16245
2972,-475
2973,20474
2974,-2599
2975,17618
2976,21437
2977,13649
2978,8474
2979,15437
2980,18375
2981,27462
2982,17012
2983,13257
2984,15989
2985,20702
2986,10002
2987,18371
2988,17543
2989,17367
2990,19921
2991,32767
2992,13554
2993,-32768
2994,14372
2995,2509
2996,18721
2997,-1213
2998,15592
2999,20869
3000,17208
3001,12916
3002,21484
3003,15100
3004,18084
3005,13431
3006,19757
3007,18516
3008,23040
3009,14940
3010,12417
3011,18184
3012,15880
3013,19768
3014,32767
3015,15737
3016,32767
3017,19999
3018,4644
3019,14654
3020,-1180
3021,13448
3022,16431
3023,17918
3024,16485
3025,20464
3026,18438
3027,14616
3028,16521
3029,18087
3030,15590
3031,20412
3032,15791
3033,16225
3034,16937
3035,17576
3036,17562
3037,-32768
3038,13254
3039,-3433
3040,16138
3041,1617
3042,13071
3043,1362
3044,16124
3045,13103
3046,20216
3047,15702
3048,17143
3049,19529
3050,16225
3051,12850
3052,18118
3053,14632
3054,27254
3055,18396
3056,12835
3057,15276
3058,18818
3059,16069
3060,-32768
3061,19607
3062,32767
3063,14703
3064,-1721
3065,15592
3066,1853
3067,17136
3068,11925
3069,18669
3070,15897
3071,19966
3072,15190
3073,16422
3074,12424
3075,21467
3076,18299
3077,18141
3078,14398
3079,14912
3080,15678
3081,19072
3082,20227
3083,20380
3084,16163
3085,32767
3086,9190
3087,5519
3088,19071
3089,-12819
3090,-3105
3091,-11624
3092,-3390
3093,-13515
3094,-32768
3095,19678
3096,-2760
3097,-7640
3098,5541
3099,-26148
3100,-5327
3101,6662
3102,-17810
3103,-32768
3104,-12783
3105,-13394
3106,7113
3107,7715
3108,893
3109,2710
3110,8900
3111,-11885
3112,16405
3113,23214
3114,-2015
3115,11104
3116,32767
3117,7048
3118,-12059
3119,6934
3120,-14141
3121,14448
3122,-32768
3123,-6630
3124,-19047
3125,-10368
3126,8738
3127,-10210
3128,10438
3129,-4801
3130,1268
3131,2390
3132,-32768
3133,29554
3134,-20713
3135,9244
3136,16912
3137,-15715
3138,6491
3139,-2027
3140,-22301
3141,10134
3142,-7783
3143,4374
3144,302
3145,11380
3146,-15992
3147,-10427
3148,-5950
3149,-5872
3150,2008
3151,-29557
3152,-20672
3153,1383
3154,-32768
3155,-21935
3156,-16444
3157,-24500
3158,7867
3159,-1449
3160,-5525
3161,-10781
3162,2433
3163,-29132
3164,16490
3165,32767
3166,5768
3167,-6327
3168,-5360
3169,6117
3170,-2413
3171,206
3172,19985
3173,-3264
3174,14742
3175,-5078
3176,-32768
3177,7003
3178,19153
3179,5153
3180,-32768
3181,-26547
3182,5041
3183,13435
3184,32767
3185,11379
3186,5747
3187,-4327
3188,-8465
3189,10201
3190,-1777
3191,-863
3192,-4363
3193,1445
3194,5078
3195,32767
3196,15171
3197,9593
3198,11765
3199,31294
3200,29543
3201,-11320
3202,-13327
3203,5169
3204,32767
3205,19782
3206,32767
3207,32767
3208,16701
3209,7914
3210,-2252
3211,22307
3212,-12881
3213,3587
3214,11094
3215,8915
3216,-32761
3217,21113
3218,-7356
3219,3992
3220,-12348
3221,-12409
3222,3525
3223,2685
3224,-32768
3225,16807
3226,32767
3227,11902
3228,-332
3229,20035
3230,2047
3231,-3646
3232,-12259
3233,-18004
3234,-542
3235,27228
3236,2635
3237,29557
3238,7983
3239,30261
3240,32767
3241,18515
3242,8649
3243,-26283
3244,2959
3245,8738
3246,-6722
3247,342
3248,-94
3249,-6002
3250,18380
3251,11567
3252,14275
3253,-25914
3254,-533
3255,-15347
3256,-7782
3257,3098
3258,13827
3259,4896
3260,-7974
3261,-6703
3262,-4311
3263,-32768
3264,32767
3265,2605
3266,-30331
3267,-2185
3268,-16556
3269,22537
3270,-1115
3271,-16739
3272,-4415
3273,-13193
3274,32767
3275,-32768
3276,-18156
3277,-3794
3278,6380
3279,16326
3280,8978
3281,12215
3282,26490
3283,12479
3284,21400
3285,19306
3286,8848
3287,11182
3288,16036
3289,18463
3290,-17056
3291,15497
3292,-12689
3293,17343
3294,2065
3295,7028
3296,-1056
3297,20965
3298,23191
3299,14376
3300,32767
3301,15925
3302,12417
3303,32767
3304,13446
3305,17355
3306,19506
3307,17449
3308,-407
3309,19303
3310,13729
3311,30821
3312,12897
3313,-32768
3314,24454
3315,-32768
3316,6104
3317,-75
3318,14969
3319,1699
3320,21547
3321,14099
3322,14618
3323,12309
3324,19746
3325,15958
3326,21098
3327,16532
3328,18879
3329,15127
3330,16001
3331,11687
3332,18967
3333,10525
3334,21410
3335,16828
3336,-10292
3337,14967
3338,32767
3339,14203
3340,-1009
3341,15764
3342,491
3343,15150
3344,20377
3345,16827
3346,22082
3347,18959
3348,15584
3349,19053
3350,20309
3351,24974
3352,15643
3353,21427
3354,15793
3355,19135
3356,14929
3357,22701
3358,17504
3359,25891
3360,17231
3361,32767
3362,16665
3363,5
3364,17507
3365,-526
3366,17067
3367,16692
3368,16073
3369,20227
3370,17893
3371,16578
3372,16285
3373,15259
3374,16423
3375,13874
3376,22410
3377,17126
3378,15029
3379,17716
3380,16151
3381,16817
3382,-32768
3383,17638
3384,16225
3385,18177
3386,946
3387,15003
3388,3332
3389,13997
3390,14251
3391,20584
3392,16337
3393,20206
3394,18061
3395,17312
3396,12465
3397,17749
3398,13675
3399,28534
3400,15663
3401,13458
3402,18273
3403,17829
3404,15212
3405,32767
3406,15855
3407,32767
3408,19226
3409,1132
3410,15436
3411,861
3412,16688
3413,12423
3414,18756
3415,22903
3416,17300
3417,19734
3418,16228
3419,15664
3420,24354
3421,17781
3422,19456
3423,17974
3424,13878
3425,14334
3426,20146
3427,21390
3428,32767
3429,16820
3430,32767
3431,21416
3432,-1832
3433,12696
3434,-3862
3435,21670
3436,13631
3437,12063
3438,22579
3439,13890
3440,13200
3441,18604
3442,12724
3443,23044
3444,11298
3445,10275
3446,8354
3447,20320
3448,11666
3449,30291
3450,31055
3451,-14522
3452,16583
3453,27487
3454,17995
3455,-6999
3456,14324
3457,972
3458,10230
3459,18698
3460,14320
3461,17250
3462,19222
3463,19356
3464,18988
3465,12944
3466,21941
3467,32767
3468,4356
3469,13942
3470,15215
3471,12106
3472,15071
3473,32767
3474,-15645
3475,16152
3476,3872
3477,5855
3478,5955
3479,18954
3480,-2200
3481,25503
3482,11625
3483,21122
3484,32767
3485,15164
3486,8946
3487,21162
3488,11051
3489,21384
3490,24673
3491,720
3492,8601
3493,16254
3494,7399
3495,16966
3496,26415
3497,-32768
3498,21996
3499,2798
3500,18365
3501,4274
3502,19385
3503,-1652
3504,18263
3505,18602
3506,16077
3507,11561
3508,19974
3509,11967
3510,22493
3511,17840
3512,15427
3513,19359
3514,12884
3515,9051
3516,26402
3517,18935
3518,12500
3519,22503
3520,-32768
3521,15342
3522,-32768
3523,20741
3524,976
3525,16995
3526,-432
3527,19144
3528,15008
3529,16375
3530,15162
3531,15883
3532,14944
3533,13127
3534,16563
3535,20330
3536,14822
3537,19673
3538,-2379
3539,-2794
3540,-945
3541,5885
3542,11863
3543,2406
3544,-5097
3545,3415
3546,6320
3547,-2866
3548,-3181
3549,32767
3550,32767
3551,10090
3552,-32768
3553,-4406
3554,1179
3555,21634
3556,23796
3557,-32768
3558,2852
3559,12551
3560,-18881
3561,32767
3562,1013
3563,3235
3564,32767
3565,19585
3566,1706
3567,32767
3568,5625
3569,17869
3570,24246
3571,-3072
3572,30355
3573,8887
3574,-1206
3575,29756
3576,3012
3577,2638
3578,9359
3579,-6672
3580,32767
3581,26461
3582,23075
3583,4914
3584,-32768
3585,577
3586,32767
3587,13775
3588,10478
3589,1447
3590,-30543
3591,-1862
3592,-17153
3593,-32768
3594,-8203
3595,32767
3596,8609
3597,22184
3598,11874
3599,4587
3600,12101
3601,4446
3602,2758
3603,8036
3604,18255
3605,9264
3606,10503
3607,14361
3608,2414
3609,15676
3610,23301
3611,8538
3612,-9940
3613,11614
3614,-32768
3615,13206
3616,-4128
3617,16334
3618,1831
3619,10860
3620,15266
3621,-7391
3622,10888
3623,977
3624,12511
3625,6662
3626,11494
3627,-7847
3628,5908
3629,8455
3630,5843
3631,12137
3632,-1013
3633,15065
3634,13040
3635,32767
3636,3538
3637,-32768
3638,1215
3639,4053
3640,89
3641,-1691
3642,1623
3643,14292
3644,-696
3645,-1107
3646,-3991
3647,-7185
3648,2552
3649,5708
3650,5341
3651,-1184
3652,3012
3653,7180
3654,2364
3655,-5497
3656,-3396
3657,8376
3658,-21275
3659,13030
3660,26787
3661,21278
3662,-4282
3663,4917
3664,14064
3665,17698
3666,17491
3667,14135
3668,16678
3669,13194
3670,13759
3671,15987
3672,11977
3673,21357
3674,14446
3675,16764
3676,16593
3677,18553
3678,4209
3679,12020
3680,11075
3681,-18356
3682,14131
3683,-32768
3684,8935
3685,6236
3686,-4291
3687,770
3688,7091
3689,2701
3690,5262
3691,12956
3692,8717
3693,14101
3694,1391
3695,18787
3696,2537
3697,11929
3698,16861
3699,6107
3700,11343
3701,14364
3702,18776
3703,2019
3704,-25668
3705,11587
3706,-16459
3707,8245
3708,9656
3709,22296
3710,6572
3711,12795
3712,16340
3713,16088
3714,21819
3715,18069
3716,11268
3717,14111
3718,16418
3719,13135
3720,7092
3721,2534
3722,4839
3723,20897
3724,26857
3725,15289
3726,10040
3727,32767
3728,16027
3729,3851
3730,14465
3731,500
3732,18584
3733,-10077
3734,26369
3735,12577
3736,-226
3737,18554
3738,10789
3739,14294
3740,21813
3741,10633
3742,18334
3743,11210
3744,23500
3745,14261
3746,5180
3747,7311
3748,16484
3749,26492
3750,-12669
3751,186
3752,32767
3753,24658
3754,-1395
3755,22448
3756,2281
3757,13994
3758,14480
3759,15024
3760,9377
3761,18048
3762,15250
3763,15609
3764,13177
3765,15481
3766,12691
3767,20875
3768,12161
3769,11477
3770,16526
3771,22395
3772,13606
3773,-32768
3774,18570
3775,-32768
3776,22219
3777,3572
3778,18361
3779,2534
3780,13242
3781,9546
3782,22293
3783,8603
3784,15357
3785,19231
3786,8784
3787,4801
3788,15676
3789,15525
3790,13301
3791,11247
3792,7247
3793,26778
3794,20505
3795,15453
3796,-17906
3797,16061
3798,-32768
3799,18191
3800,2802
3801,10139
3802,2933
3803,13767
3804,16564
3805,20129
3806,11243
3807,14440
3808,14482
3809,14160
3810,15602
3811,14332
3812,9004
3813,19493
3814,14731
3815,17907
3816,23184
3817,17125
3818,12444
3819,-32768
3820,23335
3821,-32768
3822,15245
3823,-2148
3824,15244
3825,-2715
3826,14521
3827,15524
3828,17364
3829,12334
3830,14694
3831,17072
3832,18748
3833,10811
3834,15064
3835,16134
3836,25624
3837,12452
3838,14748
3839,19644
3840,18904
3841,14848
3842,-5914
3843,17691
3844,32767
3845,15043
3846,-1863
3847,20395
3848,2929
3849,14160
3850,20692
3851,19378
3852,11395
3853,19291
3854,15028
3855,19350
3856,14593
3857,16952
3858,22723
3859,18131
3860,11912
3861,18715
3862,19078
3863,17079
3864,16400
3865,-32768
3866,15368
3867,-32768
3868,15051
3869,1149
3870,18959
3871,-2600
3872,16504
3873,22330
3874,12825
3875,11863
3876,15664
3877,12657
3878,22828
3879,14761
3880,14351
3881,15465
3882,19071
3883,11012
3884,22386
3885,18459
3886,14659
3887,16552
3888,32767
3889,14673
3890,32767
3891,14401
3892,-2237
3893,18894
3894,715
3895,17647
3896,19636
3897,12769
3898,9663
3899,29543
3900,16868
3901,13485
3902,14732
3903,12138
3904,13722
3905,19271
3906,13603
3907,21259
3908,19176
3909,13346
3910,18771
3911,-32768
3912,9861
3913,15772
3914,17452
3915,-270
3916,18672
3917,22550
3918,13944
3919,12250
3920,24770
3921,13138
3922,17799
3923,18001
3924,18953
3925,14838
3926,16114
3927,17657
3928,32767
3929,16929
3930,10626
3931,19235
3932,19824
3933,11081
3934,17904
3935,17206
3936,32767
3937,11541
3938,3992
3939,14259
3940,3920
3941,16801
3942,21158
3943,26496
3944,12809
3945,8260
3946,31312
3947,19508
3948,13773
3949,20317
3950,15943
3951,23435
3952,17862
3953,-1898
3954,17461
3955,20063
3956,3110
3957,-32768
3958,17647
3959,-30262
3960,18273
3961,1156
3962,19826
3963,-831
3964,10441
3965,13108
3966,24829
3967,14940
3968,17379
3969,29174
3970,14362
3971,13430
3972,21474
3973,22112
3974,20404
3975,18035
3976,7380
3977,23328
3978,15915
3979,7836
3980,13347
3981,18123
3982,-32768
3983,15994
3984,2136
3985,14371
3986,2936
3987,7858
3988,8917
3989,32767
3990,12854
3991,14476
3992,22741
3993,17933
3994,18137
3995,19086
3996,14951
3997,22262
3998,12092
3999,22131
4000,17195
4001,19646
4002,13131
4003,32767
4004,21528
4005,8756
4006,17184
4007,32767
4008,13183
4009,32767
4010,5705
4011,9303
4012,5116
4013,11334
4014,15050
4015,28122
4016,-31093
4017,32767
4018,16686
4019,18442
4020,12364
4021,13701
4022,-5419
4023,-32768
4024,15250
4025,3965
4026,-12177
4027,28818
4028,-12168
4029,-14580
4030,-5874
4031,12426
4032,-13691
4033,16516
4034,-510
4035,4551
4036,-13621
4037,-20178
4038,32767
4039,-410
4040,-32768
4041,-9729
4042,-2072
4043,-5265
4044,-30211
4045,32767
4046,-6940
4047,-5153
4048,32767
4049,15301
4050,-10136
4051,-16454
4052,3792
4053,-13952
4054,-23327
4055,-5159
4056,5776
4057,-23472
4058,7177
4059,7990
4060,7713
4061,32767
4062,32767
4063,-694
4064,-6887
4065,2738
4066,836
4067,8249
4068,3555
4069,5214
4070,-13109
4071,14350
4072,-5092
4073,-4659
4074,-9448
4075,-15336
4076,-21984
4077,-5713
4078,-6891
4079,6454
4080,-7890
4081,32767
4082,32337
4083,-11059
4084,-5378
4085,-25608
4086,-14366
4087,32767
4088,-9957
4089,-3485
4090,32767
4091,8912
4092,2976
4093,-197
4094,14042
4095,-2722
4096,-4213
4097,-15743
4098,-12427
4099,-15913
4100,-1580
4101,-10295
4102,-257
4103,-26722
4104,-1630
4105,-17923
4106,-11065
4107,996
4108,-196
4109,-18585
4110,-13038
4111,10454
4112,-11152
4113,-11765
4114,2056
4115,4756
4116,3032
4117,-8374
4118,4099
4119,-5804
4120,-15812
4121,-8031
4122,-15051
4123,5165
4124,-2259
4125,20858
4126,-32768
4127,-7470
4128,-22267
4129,-10979
4130,-8992
4131,-32768
4132,5543
4133,10356
4134,-3869
4135,-3480
4136,-32768
4137,-14648
4138,13450
4139,-28263
4140,4919
4141,-32768
4142,5289
4143,-10712
4144,-32768
4145,-32768
4146,-12811
4147,-2412
4148,-32768
4149,3386
4150,5045
4151,-3925
4152,-11838
4153,10067
4154,-3522
4155,-32768
4156,-7318
4157,-12178
4158,-1753
4159,-21337
4160,-32768
4161,-7441
4162,-16357
4163,10021
4164,6142
4165,-9575
4166,-2751
4167,-24647
4168,-6383
4169,-6417
4170,32767
4171,-3058
4172,-11089
4173,32767
4174,-12959
4175,-5488
4176,7809
4177,-2618
4178,-17896
4179,-2
4180,-14669
4181,32767
4182,-20587
4183,24649
4184,9529
4185,-9397
4186,-95
4187,-16284
4188,-5293
4189,-1786
4190,798
4191,21186
4192,-6384
4193,-7254
4194,21974
4195,-10580
4196,1828
4197,-3241
4198,3685
4199,25103
4200,23314
4201,16024
4202,19929
4203,11814
4204,13902
4205,19668
4206,12876
4207,16538
4208,14521
4209,17549
4210,-32768
4211,15557
4212,32767
4213,22980
4214,1295
4215,16112
4216,7029
4217,17996
4218,14037
4219,16134
4220,18545
4221,14059
4222,16932
4223,14594
4224,15631
4225,18785
4226,16360
4227,17380
4228,14831
4229,13976
4230,14337
4231,15272
4232,12703
4233,-32768
4234,21884
4235,32767
4236,17758
4237,3682
4238,16434
4239,-1168
4240,20585
4241,12299
4242,14550
4243,20670
4244,15762
4245,18091
4246,12969
4247,9528
4248,28562
4249,12341
4250,17808
4251,13796
4252,12602
4253,15948
4254,22477
4255,15665
4256,32767
4257,18655
4258,32767
4259,16427
4260,174
4261,11854
4262,-378
4263,19356
4264,17283
4265,22780
4266,22915
4267,12950
4268,11983
4269,17116
4270,12327
4271,27774
4272,18420
4273,12605
4274,13143
4275,15954
4276,13964
4277,19999
4278,17158
4279,-32768
4280,18105
4281,32767
4282,18706
4283,1620
4284,17572
4285,872
4286,19624
4287,13658
4288,16963
4289,16069
4290,19014
4291,13240
4292,18963
4293,13594
4294,19050
4295,15052
4296,16514
4297,16947
4298,17210
4299,15153
4300,15129
4301,15887
4302,-32768
4303,16937
4304,32767
4305,20016
4306,-2155
4307,18207
4308,302
4309,13452
4310,15342
4311,15585
4312,15179
4313,25001
4314,14000
4315,16366
4316,15976
4317,19320
4318,14265
4319,17783
4320,14721
4321,13374
4322,15217
4323,16348
4324,18740
4325,32767
4326,15087
4327,-32768
4328,18817
4329,3615
4330,17948
4331,2567
4332,15166
4333,14057
4334,19241
4335,15190
4336,19623
4337,13844
4338,16640
4339,20741
4340,19572
4341,14108
4342,18887
4343,14957
4344,14690
4345,20935
4346,15766
4347,15107
4348,-32768
4349,16532
4350,12192
4351,18430
4352,744
4353,15618
4354,-24
4355,15568
4356,17180
4357,17745
4358,13944
4359,18176
4360,20863
4361,15118
4362,14677
4363,17165
4364,10260
4365,24261
4366,18849
4367,19167
4368,17280
4369,13853
4370,11556
4371,-32768
4372,14285
4373,32767
4374,20240
4375,-96
4376,13333
4377,1219
4378,14219
4379,14424
4380,14255
4381,19712
4382,18806
4383,13111
4384,14711
4385,15598
4386,23310
4387,15766
4388,15955
4389,20064
4390,16284
4391,9662
4392,21586
4393,22652
4394,-32768
4395,16001
4396,32767
4397,16704
4398,2692
4399,6401
4400,70
4401,20519
4402,10398
4403,19317
4404,24984
4405,18869
4406,11312
4407,16055
4408,18345
4409,32767
4410,16114
4411,18905
4412,13398
4413,11541
4414,14142
4415,17564
4416,19660
4417,-5311
4418,16525
4419,32767
4420,18758
4421,6104
4422,10291
4423,-1207
4424,19801
4425,15686
4426,19237
4427,17590
4428,9313
4429,14022
4430,18839
4431,14655
4432,32136
4433,14149
4434,14674
4435,22654
4436,18395
4437,10985
4438,16308
4439,20390
4440,-32768
4441,21836
4442,32767
4443,20130
4444,2284
4445,13036
4446,275
4447,20308
4448,8645
4449,20036
4450,21735
4451,16994
4452,12237
4453,12999
4454,13792
4455,32767
4456,14269
4457,13769
4458,14602
4459,11471
4460,14001
4461,22824
4462,18847
4463,-6790
4464,20050
4465,32767
4466,14973
4467,2924
4468,19030
4469,68
4470,17435
4471,11478
4472,14055
4473,25543
4474,19951
4475,10875
4476,15443
4477,15097
4478,20528
4479,12352
4480,13623
4481,7211
4482,12273
4483,397
4484,-1190
4485,-2191
4486,-7189
4487,-16312
4488,-1921
4489,4773
4490,-32768
4491,9669
4492,32767
4493,2614
4494,-10158
4495,19643
4496,-1003
4497,32767
4498,-3268
4499,-2944
4500,7922
4501,-1974
4502,32767
4503,-18732
4504,32767
4505,-4484
4506,-31807
4507,-1836
4508,-1707
4509,11901
4510,2917
4511,5144
4512,10333
4513,-11213
4514,11784
4515,-10988
4516,-32768
4517,8157
4518,-778
4519,-10062
4520,2387
4521,-10141
4522,7641
4523,-24120
4524,-588
4525,15766
4526,5430
4527,15762
4528,32154
4529,-31281
4530,11965
4531,-7239
4532,32767
4533,28963
4534,-6505
4535,-9102
4536,1182
4537,-24219
4538,-3159
4539,-7184
4540,-2827
4541,-26797
4542,-10398
4543,13561
4544,5224
4545,23114
4546,19457
4547,4362
4548,-14592
4549,22679
4550,25170
4551,25384
4552,-8520
4553,-1035
4554,-8841
4555,-10408
4556,-18845
4557,22583
4558,-2775
4559,32767
4560,-3107
4561,9285
4562,4208
4563,-2403
4564,14797
4565,-18757
4566,-4086
4567,3741
4568,32103
4569,-32768
4570,-15493
4571,-2178
4572,17161
4573,-10652
4574,98
4575,9814
4576,11600
4577,-12464
4578,-417
4579,6899
4580,-2128
4581,-9865
4582,-4205
4583,-1783
4584,19668
4585,14481
4586,32767
4587,26089
4588,13732
4589,32767
4590,20499
4591,20581
4592,13362
4593,11834
4594,20215
4595,32767
4596,22377
4597,7310
4598,18611
4599,-7628
4600,14914
4601,4789
4602,12111
4603,18259
4604,31991
4605,31475
4606,-1460
4607,30697
4608,32767
4609,-32768
4610,-4042
4611,5395
4612,3949
4613,1361
4614,-3553
4615,3527
4616,32767
4617,2261
4618,-7120
4619,32767
4620,-5547
4621,-5082
4622,-9055
4623,-8010
4624,29336
4625,-1565
4626,8451
4627,-1988
4628,-835
4629,-4031
4630,9146
4631,2819
4632,6926
4633,3114
4634,7460
4635,-4157
4636,32767
4637,2280
4638,-29398
4639,-30127
4640,7907
4641,-14053
4642,4029
4643,26351
4644,-266
4645,6197
4646,32767
4647,-7419
4648,466
4649,-1311
4650,-32768
4651,1347
4652,-7605
4653,-2559
4654,4691
4655,20863
4656,20435
4657,4051
4658,32767
4659,7108
4660,-4597
4661,11034
4662,-3732
4663,-25969
4664,31384
4665,-7752
4666,3397
4667,-2408
4668,1603
4669,-32768
4670,32767
4671,-26132
4672,-4386
4673,3624
4674,8494
4675,2336
4676,6331
4677,23521
4678,9833
4679,12270
4680,32767
4681,16371
4682,10988
4683,12384
4684,11631
4685,27010
4686,16818
4687,14880
4688,21465
4689,14444
4690,13910
4691,22859
4692,26066
4693,-16601
4694,13076
4695,32767
4696,14184
4697,1301
4698,15080
4699,-2767
4700,17346
4701,13345
4702,16015
4703,25424
4704,19566
4705,12479
4706,18705
4707,18795
4708,29182
4709,14385
4710,13855
4711,16943
4712,17996
4713,16555
4714,18980
4715,18663
4716,-32768
4717,15331
4718,32767
4719,19410
4720,825
4721,11579
4722,-1309
4723,21106
4724,16460
4725,17698
4726,21694
4727,16756
4728,15640
4729,17011
4730,17128
4731,22648
4732,11681
4733,18282
4734,16778
4735,17704
4736,14487
4737,15127
4738,17083
4739,-24769
4740,16878
4741,32767
4742,15916
4743,-1652
4744,14244
4745,900
4746,17457
4747,11823
4748,19435
4749,17066
4750,18715
4751,16595
4752,13771
4753,14052
4754,22963
4755,16796
4756,21749
4757,17023
4758,12544
4759,13643
4760,19793
4761,17251
4762,17588
4763,18483
4764,-32768
4765,15666
4766,5495
4767,13791
4768,-226
4769,15416
4770,16087
4771,20701
4772,19686
4773,15522
4774,16371
4775,13879
4776,16916
4777,21562
4778,17161
4779,16310
4780,13084
4781,17723
4782,14246
4783,20041
4784,21039
4785,32767
4786,15740
4787,17008
4788,17366
4789,-696
4790,14210
4791,-3681
4792,19659
4793,17927
4794,9559
4795,15548
4796,18148
4797,10551
4798,14210
4799,12915
4800,23780
4801,10631
4802,17949
4803,15738
4804,22487
4805,12780
4806,8461
4807,27590
4808,32767
4809,5975
4810,4539
4811,14803
4812,732
4813,16477
4814,-3471
4815,19530
4816,20547
4817,13355
4818,21247
4819,21107
4820,14444
4821,16152
4822,14470
4823,17964
4824,21739
4825,9527
4826,15143
4827,21713
4828,14317
4829,21653
4830,31113
4831,32767
4832,14021
4833,-32768
4834,12934
4835,-2182
4836,16405
4837,886
4838,32094
4839,32417
4840,6371
4841,20094
4842,14235
4843,5958
4844,18330
4845,20453
4846,21124
4847,14451
4848,14065
4849,7836
4850,27489
4851,14012
4852,14841
4853,23614
4854,3560
4855,13917
4856,4954
4857,16586
4858,-57
4859,25742
4860,-4479
4861,25130
4862,22615
4863,11427
4864,12713
4865,21866
4866,4463
4867,19126
4868,16733
4869,17494
4870,10717
4871,10542
4872,17825
4873,18176
4874,9820
4875,14104
4876,21193
4877,14734
4878,15380
4879,32767
4880,16837
4881,-1255
4882,16287
4883,1536
4884,21793
4885,15776
4886,13489
4887,15859
4888,23873
4889,14323
4890,18164
4891,13557
4892,24372
4893,11746
4894,15785
4895,16760
4896,18001
4897,10393
4898,14405
4899,20576
4900,-22151
4901,15080
4902,32767
4903,16603
4904,4581
4905,13302
4906,2496
4907,19488
4908,12219
4909,18872
4910,20165
4911,22624
4912,11792
4913,14397
4914,17661
4915,22806
4916,15762
4917,14348
4918,20139
4919,20082
4920,11953
4921,16063
4922,17695
4923,-17831
4924,19043
4925,32767
4926,18432
4927,2340
4928,11111
4929,-2901
4930,20037
4931,11858
4932,16744
4933,15297
4934,18220
4935,16598
4936,15524
4937,13621
4938,22839
4939,12931
4940,20662
4941,16863
4942,14792
4943,13116
4944,15576
4945,14089
4946,-32768
4947,18628
4948,32767
4949,14534
4950,122
4951,12706
4952,316
4953,15584
4954,14503
4955,16941
4956,20300
4957,18027
4958,16451
4959,21939
4960,10126
4961,22821
4962,22010
4963,20655
4964,16782
4965,16728
4966,12166
4967,23621
4968,19917
4969,30546
4970,14094
4971,32767
4972,7714
4973,7399
4974,18571
4975,-2124
4976,16475
4977,22490
4978,17489
4979,19812
4980,13534
4981,7494
4982,21629
4983,15364
4984,21102
4985,19163
4986,11621
4987,9424
4988,17853
4989,14199
4990,19178
4991,21575
4992,-22290
4993,11955
4994,32767
4995,7749
4996,4304
4997,13196
4998,-3295
4999,25243
5000,9631
5001,12813
5002,28095
5003,12831
5004,8905
5005,14703
5006,10180
5007,18990
5008,28966
5009,14506
5010,17602
5011,20338
5012,15198
5013,15479
5014,32497
5015,3742
5016,24279
5017,-9636
5018,13600
5019,-32768
5020,3294
5021,32767
5022,-32768
5023,-12889
5024,4854
5025,9246
5026,-32768
5027,-24232
5028,-192
5029,8218
5030,-9690
5031,-30533
5032,-32768
5033,-30234
5034,-12933
5035,-2182
5036,1586
5037,9870
5038,-2430
5039,-11073
5040,-1894
5041,14426
5042,-20611
5043,141
5044,-22121
5045,3524
5046,-11858
5047,7897
5048,1845
5049,1608
5050,-16255
5051,-5232
5052,6912
5053,-6839
5054,32767
5055,-1225
5056,-13943
5057,-21884
5058,-1070
5059,-3498
5060,-2678
5061,-5807
5062,5965
5063,-3559
5064,27310
5065,-19725
5066,1939
5067,-32768
5068,1090
5069,6998
5070,32767
5071,5569
5072,-32768
5073,-9506
5074,-3862
5075,-10356
5076,-9822
5077,24166
5078,6245
5079,9926
5080,-18700
5081,-31200
5082,-3757
5083,32767
5084,747
5085,28068
5086,-9167
5087,1447
5088,-32768
5089,4773
5090,-32768
5091,-3190
5092,-18633
5093,-6703
5094,-13077
5095,-24804
5096,-20519
5097,1248
5098,32767
5099,-8149
5100,-6920
5101,-11700
5102,-10062
5103,12320
5104,-4875
5105,25575
5106,-7926
5107,-8338
5108,-11258
5109,-3767
5110,-4420
5111,-32768
5112,-16192
5113,-32768
5114,7563
5115,-11471
5116,-16808
5117,-3644
5118,9487
5119,14992
5120,-32768
5121,-32768
5122,-32768
5123,-16963
5124,53
5125,-10982
5126,-8240
5127,-4057
5128,-32768
5129,1606
5130,3591
5131,-12452
5132,3612
5133,-1774
5134,-32768
5135,2929
5136,-32768
5137,19988
5138,-27481
5139,-13773
5140,-2839
5141,-32768
5142,-5451
5143,-306
5144,-32768
5145,-1412
5146,-12978
5147,-11631
5148,-2348
5149,1332
5150,-15410
5151,-5131
5152,-28884
5153,-5808
5154,-5398
5155,-2272
5156,1508
5157,32767
5158,11160
5159,-19107
5160,-10012
5161,-4195
5162,-25342
5163,-23146
5164,-18405
5165,6465
5166,-30549
5167,-5116
5168,-18913
5169,6227
5170,-4294
5171,354
5172,-28845
5173,-3811
5174,-17293
5175,-17042
5176,-1459
5177,-20361
5178,-454
5179,-10850
5180,-32438
5181,-6808
5182,-32768
5183,-15337
5184,1926
5185,-11239
5186,-16895
5187,1157
5188,-853
5189,3518
5190,816
5191,2978
5192,9793
5193,-10772
5194,-15206
5195,-21859
5196,-21324
5197,-2798
5198,6182
5199,-5785
5200,-14096
5201,-4811
5202,-24025
5203,-32768
5204,-13821
5205,15209
5206,-3157
5207,-9764
5208,-32768
5209,-25853
5210,-23601
5211,-29376
5212,-9600
5213,-132
5214,-3765
5215,-15105
5216,-14353
5217,-19961
5218,-11040
5219,19731
5220,26434
5221,-3707
5222,-1720
5223,-217
5224,-1868
5225,10476
5226,-4503
5227,-5544
5228,-24437
5229,4748
5230,-2598
5231,-10281
5232,-9711
5233,-21254
5234,-22352
5235,-25967
5236,9953
5237,3313
5238,2495
5239,-24873
5240,-13187
5241,-9310
5242,9301
5243,32767
5244,-1176
5245,6141
5246,26276
5247,-9663
5248,32767
5249,-32768
5250,4238
5251,-16102
5252,-7610
5253,-8533
5254,-9402
5255,-30428
5256,13860
5257,16433
5258,-3771
5259,-19313
5260,8200
5261,8588
5262,5610
5263,-9192
5264,-1816
5265,-979
5266,12849
5267,386
5268,-5369
5269,-1962
5270,-19373
5271,-16992
5272,13962
5273,1179
5274,-1572
5275,-9166
5276,5821
5277,-265
5278,6385
5279,-585
5280,-2948
5281,220
5282,1499
5283,-1191
5284,-8543
5285,-13403
5286,-4365
5287,-22564
5288,-8239
5289,20932
5290,8655
5291,1096
5292,-6344
5293,-8341
5294,-8272
5295,21930
5296,-2541
5297,-2529
5298,2483
5299,-2228
5300,-20611
5301,-9327
5302,14985
5303,5327
5304,3693
5305,-4616
5306,-20713
5307,-8701
5308,7878
5309,13135
5310,-8168
5311,-6308
5312,-3413
5313,-13764
5314,32767
5315,12958
5316,499
5317,-3592
5318,-13350
5319,-3763
5320,13814
5321,3891
5322,7378
5323,936
5324,-32768
5325,-23506
5326,-18039
5327,6957
5328,6065
5329,-9248
5330,-12800
5331,-14504
5332,-19232
5333,15159
5334,13511
5335,-7357
5336,-10740
5337,-5529
5338,4393
5339,32767
5340,32767
5341,2902
5342,7318
5343,-3304
5344,-10940
5345,-10649
5346,-11514
5347,-30303
5348,13026
5349,14599
5350,-10871
5351,-12047
5352,-5823
5353,5536
5354,1225
5355,18473
5356,5587
5357,11276
5358,-3924
5359,-9866
5360,-18222
5361,-20139
5362,-32150
5363,17839
5364,-20628
5365,7149
5366,674
5367,1522
5368,-11752
5369,-1118
5370,-25734
5371,14360
5372,13861
5373,-8974
5374,-1104
5375,-6495
5376,5123
5377,-21454
5378,-16693
5379,17323
5380,15186
5381,9548
5382,7315
5383,-10591
5384,-1408
5385,-10383
5386,-15944
5387,-32307
5388,3505
5389,12989
5390,18976
5391,9116
5392,-9985
5393,-13498
5394,542
5395,-3175
5396,2225
5397,-26714
5398,19578
5399,12886
5400,4158
5401,-12186
5402,-3070
5403,2435
5404,-20913
5405,-17622
5406,-6269
5407,32767
5408,-22472
5409,19704
5410,-3490
5411,8809
5412,-4271
5413,-58
5414,-5815
5415,-22538
5416,-7202
5417,-24784
5418,-26436
5419,14187
5420,18921
5421,-6090
5422,-116
5423,-10221
5424,1655
5425,-22383
5426,-17327
5427,32767
5428,7825
5429,-26923
5430,16903
5431,-2339
5432,-4613
5433,-2357
5434,-1161
5435,-22200
5436,-16555
5437,-5130
5438,-20560
5439,-32768
5440,19882
5441,22993
5442,5591
5443,11773
5444,-8251
5445,-13117
5446,-2599
5447,13
5448,-19264
5449,-20913
5450,32767
5451,-23215
5452,-24099
5453,15648
5454,-475
5455,4964
5456,-8516
5457,-10014
5458,-14551
5459,-1053
5460,-6438
5461,-16184
5462,-19335
5463,-32768
5464,-31787
5465,-24449
5466,26964
5467,14024
5468,11876
5469,-4955
5470,-7345
5471,-6284
5472,-14038
5473,-5552
5474,-2782
5475,-11414
5476,-3538
5477,-6060
5478,29006
5479,-21800
5480,25657
5481,-15568
5482,12878
5483,6117
5484,-11781
5485,-11852
5486,-9941
5487,-15157
5488,979
5489,-6240
5490,-23084
5491,-4448
5492,32767
5493,24845
5494,17809
5495,17079
5496,17571
5497,17407
5498,-2474
5499,2199
5500,-4133
5501,-10887
5502,-13907
5503,-13873
5504,-9282
5505,-10588
5506,-6533
5507,-20491
5508,-5130
5509,2801
5510,-32768
5511,-32768
5512,-30036
5513,-19191
5514,3314
5515,17482
5516,14147
5517,-2469
5518,10728
5519,-6888
5520,6287
5521,-6005
5522,-11082
5523,-5291
5524,-4215
5525,-23947
5526,-1064
5527,-26935
5528,-17779
5529,-5234
5530,-18353
5531,-15926
5532,-31586
5533,-32768
5534,32767
5535,31739
5536,18042
5537,-3620
5538,15483
5539,9699
5540,471
5541,10582
5542,6089
5543,3278
5544,-4160
5545,-2181
5546,-5812
5547,-11506
5548,-2988
5549,-11874
5550,-2238
5551,-1408
5552,-13813
5553,-6902
5554,-10629
5555,-15268
5556,-13644
5557,-16716
5558,-28826
5559,-7870
5560,-22999
5561,32767
5562,-23474
5563,22937
5564,22105
5565,12829
5566,-16092
5567,-17638
5568,14304
5569,-15942
5570,17936
5571,-4981
5572,2301
5573,-4942
5574,-10927
5575,10080
5576,-8613
5577,-23541
5578,-7591
5579,-5670
5580,1192
5581,-16446
5582,-5059
5583,-13678
5584,-16110
5585,2923
5586,-19968
5587,1850
5588,-23322
5589,-5476
5590,-28540
5591,-23430
5592,-7004
5593,6595
5594,-8388
5595,32767
5596,-18843
5597,8084
5598,-25649
5599,14854
5600,19308
5601,13519
5602,11113
5603,3234
5604,11070
5605,-2295
5606,7076
5607,1267
5608,335
5609,-7271
5610,-1354
5611,-2517
5612,-14049
5613,-12692
5614,-12495
5615,-8769
5616,-1878
5617,-25201
5618,5480
5619,-6014
5620,-20742
5621,-8151
5622,-19395
5623,-3135
5624,-18960
5625,-15441
5626,-17336
5627,-31599
5628,-21460
5629,-25510
5630,-8982
5631,-21689
5632,32767
5633,28204
5634,30073
5635,20561
5636,-32768
5637,22439
5638,-28109
5639,16727
5640,16568
5641,-362
5642,-17117
5643,11669
5644,15583
5645,14544
5646,7240
5647,-7049
5648,7102
5649,604
5650,792
5651,-6691
5652,-13565
5653,-1654
5654,-11562
5655,-1747
5656,-10495
5657,-15202
5658,-313
5659,-11196
5660,522
5661,-11013
5662,-1345
5663,-23866
5664,-1897
5665,-23218
5666,-17224
5667,20665
5668,-20131
5669,-2083
5670,-18026
5671,-16019
5672,-18932
5673,-10999
5674,7403
5675,-19030
5676,29549
5677,-14496
5678,30236
5679,-18128
5680,30071
5681,32767
5682,-22500
5683,19087
5684,15659
5685,11100
5686,-3991
5687,12738
5688,-4673
5689,-4094
5690,6033
5691,-1077
5692,1704
5693,-3530
5694,-756
5695,902
5696,802
5697,-8819
5698,-14550
5699,-7177
5700,-11880
5701,-11855
5702,-14425
5703,-5047
5704,-11104
5705,-2659
5706,-11761
5707,-12239
5708,-1907
5709,-24258
5710,-2215
5711,-29785
5712,-21148
5713,-8310
5714,-26599
5715,-27333
5716,-13222
5717,-28859
5718,32767
5719,-28897
5720,29790
5721,-20382
5722,10215
5723,-25691
5724,21624
5725,13738
5726,21950
5727,22078
5728,-32768
5729,-2857
5730,-32768
5731,17784
5732,14199
5733,13264
5734,-471
5735,14987
5736,2930
5737,893
5738,6672
5739,3445
5740,10095
5741,-9954
5742,5790
5743,-7146
5744,-930
5745,-2201
5746,-12954
5747,-6290
5748,-14302
5749,-2403
5750,-13719
5751,-8264
5752,-9809
5753,-11678
5754,-2574
5755,-15333
5756,-6136
5757,-18962
5758,-21676
5759,-7813
5760,-23187
5761,-22828
5762,-1832
5763,-30098
5764,-19835
5765,-22783
5766,-4359
5767,-22066
5768,-6086
5769,32767
5770,20460
5771,19372
5772,15285
5773,12964
5774,-17740
5775,13624
5776,-19288
5777,13123
5778,-5689
5779,-6887
5780,-4563
5781,-12735
5782,8574
5783,-7869
5784,-3666
5785,-8113
5786,-6444
5787,10486
5788,10298
5789,14914
5790,11589
5791,26290
5792,18937
5793,17940
5794,21312
5795,10220
5796,12274
5797,-3280
5798,16685
5799,-32768
5800,21136
5801,-739
5802,14921
5803,4493
5804,8482
5805,14039
5806,14789
5807,11516
5808,17307
5809,20255
5810,11064
5811,14013
5812,17489
5813,11659
5814,20521
5815,29900
5816,18913
5817,23287
5818,16584
5819,21553
5820,-15370
5821,13714
5822,-32768
5823,20129
5824,-2174
5825,5570
5826,1494
5827,13515
5828,11818
5829,20940
5830,16380
5831,16755
5832,15484
5833,11330
5834,11241
5835,18719
5836,12121
5837,14816
5838,19101
5839,8020
5840,15885
5841,18285
5842,21971
5843,-32768
5844,20191
5845,-32768
5846,29124
5847,-955
5848,1162
5849,-8874
5850,15131
5851,8470
5852,20364
5853,11368
5854,16306
5855,16059
5856,8901
5857,15907
5858,17361
5859,16131
5860,24878
5861,22511
5862,20303
5863,14206
5864,15118
5865,14138
5866,-32768
5867,18824
5868,-32768
5869,21266
5870,263
5871,12549
5872,62
5873,15949
5874,8234
5875,17155
5876,16653
5877,21599
5878,14231
5879,14954
5880,13689
5881,23924
5882,13694
5883,18980
5884,17509
5885,18075
5886,18382
5887,11915
5888,15907
5889,-32768
5890,16020
5891,22045
5892,23179
5893,-1463
5894,15685
5895,-113
5896,15876
5897,11576
5898,15830
5899,16165
5900,28854
5901,14028
5902,11695
5903,19846
5904,18897
5905,12516
5906,15793
5907,17091
5908,21635
5909,18040
5910,12569
5911,24879
5912,32767
5913,13984
5914,32767
5915,19468
5916,863
5917,18253
5918,58
5919,17800
5920,14431
5921,18073
5922,16787
5923,19622
5924,15955
5925,17725
5926,19473
5927,16625
5928,11545
5929,16963
5930,13990
5931,24337
5932,20475
5933,15525
5934,18195
5935,8792
5936,16315
5937,32767
5938,20156
5939,-1320
5940,17670
5941,100
5942,13250
5943,14297
5944,19600
5945,13453
5946,19722
5947,14088
5948,21520
5949,12355
5950,11442
5951,10002
5952,21817
5953,11296
5954,13651
5955,20251
5956,20110
5957,18178
5958,-15047
5959,19625
5960,-32768
5961,10114
5962,-2261
5963,9377
5964,1180
5965,11677
5966,17224
5967,18771
5968,13966
5969,18938
5970,13536
5971,16948
5972,9454
5973,19487
5974,14438
5975,14235
5976,14831
5977,7253
5978,11496
5979,23109
5980,13176
5981,-32768
5982,21354
5983,32767
5984,32767
5985,2084
5986,14655
5987,2286
5988,19574
5989,13833
5990,16982
5991,17327
5992,18893
5993,10388
5994,9841
5995,9434
5996,26564
5997,14842
5998,22311
5999,14467
6000,17280
6001,16502
6002,13421
6003,3934
6004,-29367
6005,15342
6006,-20284
6007,21184
6008,-779
6009,12834
6010,3900
6011,10948
6012,17889
6013,21920
6014,13057
6015,15408
6016,32767
6017,19992
6018,12756
6019,21437
6020,20123
6021,22262
6022,16136
6023,12145
6024,2337
6025,13426
6026,7465
6027,-32768
6028,15577
6029,-6434
6030,16692
6031,2773
6032,16713
6033,-3047
6034,13291
6035,16424
6036,18288
6037,19085
6038,14374
6039,23372
6040,22863
6041,8659
6042,23242
6043,32767
6044,18998
6045,20748
6046,13661
6047,14786
6048,21616
6049,11580
6050,-32768
6051,16861
6052,-32768
6053,19066
6054,2236
6055,11545
6056,-730
6057,13996
6058,15249
6059,21536
6060,18740
6061,17229
6062,18227
6063,14802
6064,14897
6065,22174
6066,13442
6067,14381
6068,10648
6069,8529
6070,11270
6071,-2990
6072,-10255
6073,-5015
6074,12121
6075,-28734
6076,-10670
6077,3146
6078,-12881
6079,-2014
6080,14359
6081,9784
6082,-17601
6083,-17422
6084,-20469
6085,-18109
6086,19016
6087,-3974
6088,-16870
6089,-13629
6090,-5499
6091,6548
6092,-304
6093,-4854
6094,-14315
6095,-24681
6096,-12921
6097,-6632
6098,-15527
6099,-32768
6100,-1110
6101,-16646
6102,8278
6103,282
6104,-32768
6105,3342
6106,10937
6107,4708
6108,-14734
6109,7079
6110,-13
6111,-8769
6112,17949
6113,30378
6114,18691
6115,4961
6116,15196
6117,12524
6118,12520
6119,6777
6120,32767
6121,9929
6122,14165
6123,7411
6124,6631
6125,4798
6126,2903
6127,20489
6128,16738
6129,-32768
6130,32480
6131,32767
6132,8488
6133,32767
6134,17595
6135,-256
6136,-32768
6137,-21496
6138,-7294
6139,-4528
6140,-13755
6141,7293
6142,-8406
6143,-14739
6144,-5470
6145,19872
6146,5333
6147,-11804
6148,2647
6149,-18115
6150,-26011
6151,-32768
6152,-13729
6153,-9399
6154,-16254
6155,-28938
6156,-12087
6157,-16536
6158,-22592
6159,-28908
6160,-3309
6161,-2481
6162,-11051
6163,-19892
6164,-9083
6165,-20681
6166,-5890
6167,-5402
6168,-5285
6169,-29553
6170,32767
6171,-32768
6172,14571
6173,-22710
6174,-18103
6175,-22630
6176,-22469
6177,17229
6178,-20888
6179,-6599
6180,-26117
6181,-15278
6182,-3878
6183,-8418
6184,23449
6185,5139
6186,1653
6187,-4503
6188,29333
6189,-17593
6190,761
6191,-2619
6192,31640
6193,11281
6194,-31367
6195,-15021
6196,-1775
6197,-5418
6198,5357
6199,3347
6200,-15163
6201,-10191
6202,-7725
6203,-22843
6204,-27160
6205,-12983
6206,-18759
6207,-32768
6208,-30404
6209,-2898
6210,-18511
6211,-5347
6212,-9575
6213,-32768
6214,-8855
6215,32767
6216,-32768
6217,-10689
6218,-9061
6219,-18639
6220,-9328
6221,-18060
6222,-11270
6223,-29796
6224,-9809
6225,-6490
6226,-10466
6227,-13190
6228,-9628
6229,-32768
6230,-13148
6231,-6572
6232,-30475
6233,-32768
6234,-25440
6235,-9295
6236,-1287
6237,-14563
6238,3249
6239,3813
6240,1033
6241,-7487
6242,27275
6243,-10466
6244,-4013
6245,12553
6246,1776
6247,-458
6248,3225
6249,1087
6250,1499
6251,1924
6252,1900
6253,-82
6254,10194
6255,-720
6256,10887
6257,1843
6258,9082
6259,-2356
6260,2806
6261,1423
6262,2783
6263,6015
6264,8487
6265,8592
6266,20969
6267,16838
6268,18366
6269,18159
6270,19381
6271,14958
6272,18737
6273,16930
6274,24603
6275,14557
6276,19593
6277,17835
6278,20898
6279,18178
6280,17449
6281,16045
6282,32767
6283,18954
6284,4264
6285,15807
6286,519
6287,17302
6288,16961
6289,16711
6290,14852
6291,17971
6292,12949
6293,20487
6294,15419
6295,23834
6296,12896
6297,23288
6298,13547
6299,18577
6300,17406
6301,10574
6302,17027
6303,6662
6304,14753
6305,-27974
6306,16848
6307,-1106
6308,16571
6309,34
6310,12163
6311,13599
6312,12541
6313,18138
6314,13910
6315,14501
6316,19266
6317,18319
6318,21789
6319,14521
6320,21912
6321,15670
6322,10479
6323,20613
6324,20391
6325,19235
6326,-32768
6327,10744
6328,-3973
6329,14503
6330,130
6331,17176
6332,4885
6333,11001
6334,16776
6335,15900
6336,15039
6337,24806
6338,16811
6339,14709
6340,13620
6341,22407
6342,11892
6343,32767
6344,21329
6345,7651
6346,21322
6347,10255
6348,12692
6349,-25973
6350,15690
6351,32767
6352,20788
6353,5740
6354,13191
6355,-232
6356,12625
6357,6953
6358,19578
6359,15386
6360,6758
6361,10204
6362,12578
6363,17607
6364,24337
6365,18559
6366,26066
6367,28985
6368,17684
6369,16465
6370,18099
6371,14778
6372,-1419
6373,24876
6374,-32768
6375,25883
6376,8221
6377,5764
6378,-2620
6379,21670
6380,388
6381,16957
6382,16300
6383,14350
6384,16450
6385,8758
6386,16670
6387,16245
6388,6919
6389,20234
6390,14306
6391,15716
6392,11081
6393,11006
6394,17636
6395,32767
6396,16676
6397,19250
6398,23928
6399,-2131
6400,17332
6401,-1558
6402,19462
6403,14356
6404,15739
6405,18171
6406,13841
6407,17077
6408,16890
6409,17641
6410,19753
6411,13487
6412,15307
6413,14968
6414,16689
6415,19694
6416,18569
6417,24729
6418,32767
6419,16344
6420,32767
6421,15692
6422,2741
6423,16676
6424,1210
6425,16254
6426,12900
6427,17329
6428,15102
6429,20276
6430,13874
6431,22200
6432,14445
6433,18059
6434,12605
6435,17057
6436,14013
6437,19429
6438,17574
6439,16186
6440,16248
6441,32767
6442,16807
6443,32767
6444,16458
6445,-609
6446,18410
6447,-3358
6448,17584
6449,18962
6450,14066
6451,15285
6452,21235
6453,14602
6454,21910
6455,15961
6456,16888
6457,14607
6458,18969
6459,12771
6460,17320
6461,16940
6462,17635
6463,20450
6464,32767
6465,13005
6466,32767
6467,15964
6468,1825
6469,21389
6470,1583
6471,15425
6472,16173
6473,15293
6474,16001
6475,18524
6476,13731
6477,16581
6478,16275
6479,17996
6480,15750
6481,18750
6482,14111
6483,14895
6484,18506
6485,16184
6486,18524
6487,32767
6488,13981
6489,24580
6490,19173
6491,2747
6492,16730
6493,1835
6494,12171
6495,11796
6496,20368
6497,15136
6498,19188
6499,18890
6500,12835
6501,21969
6502,19557
6503,12319
6504,24635
6505,15612
6506,12665
6507,18977
6508,12214
6509,13934
6510,-32768
6511,17580
6512,-8829
6513,24219
6514,4352
6515,13000
6516,2615
6517,16174
6518,11209
6519,27955
6520,17880
6521,20204
6522,15524
6523,13572
6524,14470
6525,20990
6526,11893
6527,32660
6528,25449
6529,12302
6530,17366
6531,10152
6532,15100
6533,-27641
6534,16883
6535,-32121
6536,22050
6537,-1032
6538,23351
6539,210
6540,13986
6541,10459
6542,17015
6543,13013
6544,10812
6545,-32768
6546,16363
6547,24209
6548,7497
6549,-17151
6550,-8200
6551,-900
6552,-16528
6553,-10561
6554,-17920
6555,-15173
6556,27237
6557,-18191
6558,-5138
6559,-19766
6560,425
6561,5393
6562,-4711
6563,-16243
6564,-8647
6565,-15827
6566,17311
6567,-5505
6568,-32768
6569,-13411
6570,6795
6571,-8095
6572,-5978
6573,6246
6574,14677
6575,9058
6576,-14344
6577,-14713
6578,-2417
6579,6630
6580,-32768
6581,-1385
6582,-7831
6583,8189
6584,-7888
6585,12517
6586,292
6587,-497
6588,9392
6589,9825
6590,-15397
6591,-2529
6592,-19098
6593,-32768
6594,-14320
6595,-32768
6596,-11454
6597,-23458
6598,-15509
6599,4022
6600,3019
6601,1928
6602,6574
6603,-18616
6604,-4837
6605,-9172
6606,-6177
6607,-16649
6608,-3532
6609,-3505
6610,-32768
6611,-7093
6612,5448
6613,-24567
6614,-14752
6615,-14264
6616,-15412
6617,32767
6618,21829
6619,-13747
6620,1715
6621,5324
6622,5285
6623,-12731
6624,-12614
6625,-32768
6626,-32768
6627,-32768
6628,-4354
6629,-5379
6630,-9748
6631,19728
6632,2207
6633,32767
6634,1859
6635,10388
6636,-27000
6637,-3377
6638,32767
6639,-32768
6640,-25646
6641,5314
6642,-16425
6643,-500
6644,-1692
6645,10834
6646,-29230
6647,-8899
6648,3901
6649,-3795
6650,4939
6651,-24748
6652,-14777
6653,-179
6654,26142
6655,-22749
6656,13998
6657,-9537
6658,-5796
6659,-24809
6660,7844
6661,-28208
6662,7061
6663,-11622
6664,-4584
6665,-5827
6666,4631
6667,-4602
6668,-641
6669,12921
6670,7369
6671,-10662
6672,20272
6673,-3663
6674,-8941
6675,-32768
6676,-17168
6677,-7184
6678,-21472
6679,-15838
6680,-17932
6681,-21766
6682,-18303
6683,-11593
6684,-15302
6685,-30787
6686,-11789
6687,-25035
6688,-16339
6689,-23864
6690,-12387
6691,-15915
6692,-12745
6693,-6135
6694,32767
6695,-5907
6696,-32768
6697,-12228
6698,-19634
6699,-1627
6700,-7905
6701,-14477
6702,-26642
6703,-2356
6704,-15010
6705,-18980
6706,-12119
6707,-10351
6708,-5137
6709,-10307
6710,-32768
6711,-12490
6712,-17688
6713,7079
6714,-29326
6715,-18473
6716,-17808
6717,-32768
6718,3521
6719,-6656
6720,-6583
6721,-16008
6722,-32768
6723,-13692
6724,-22417
6725,-24433
6726,-9714
6727,-18632
6728,-8095
6729,-9840
6730,-9056
6731,-32768
6732,-15754
6733,-14221
6734,-32768
6735,-12270
6736,-32768
6737,-11433
6738,-2478
6739,17935
6740,32767
6741,9728
6742,32767
6743,15178
6744,-319
6745,15174
6746,4337
6747,16791
6748,16556
6749,15948
6750,14475
6751,18310
6752,15639
6753,23170
6754,9115
6755,19241
6756,16301
6757,18661
6758,15223
6759,11442
6760,15994
6761,24188
6762,19007
6763,-7246
6764,17875
6765,32767
6766,14893
6767,4373
6768,17513
6769,9
6770,15686
6771,13357
6772,17381
6773,16540
6774,17666
6775,15034
6776,16073
6777,12582
6778,23420
6779,20053
6780,18237
6781,12469
6782,16263
6783,17407
6784,19159
6785,17921
6786,-13211
6787,16457
6788,-32768
6789,19639
6790,-707
6791,21900
6792,-1589
6793,16351
6794,22284
6795,21341
6796,15594
6797,20685
6798,10155
6799,18620
6800,21558
6801,24140
6802,9520
6803,13922
6804,12111
6805,14852
6806,16086
6807,12151
6808,20282
6809,32767
6810,10564
6811,-32768
6812,12730
6813,-246
6814,12725
6815,1626
6816,16670
6817,16504
6818,21959
6819,17824
6820,20727
6821,15500
6822,17043
6823,29983
6824,24902
6825,12665
6826,17901
6827,10667
6828,12969
6829,11942
6830,17916
6831,17310
6832,31657
6833,12787
6834,-32768
6835,11445
6836,-4989
6837,17162
6838,-5465
6839,15867
6840,21275
6841,14662
6842,16424
6843,23978
6844,10455
6845,14117
6846,32767
6847,8990
6848,14342
6849,19394
6850,4646
6851,32767
6852,19243
6853,16698
6854,16502
6855,32767
6856,347
6857,-32768
6858,15097
6859,-1402
6860,16486
6861,863
6862,14154
6863,28816
6864,14087
6865,12976
6866,18475
6867,10648
6868,12233
6869,23621
6870,20181
6871,12765
6872,20101
6873,7887
6874,22953
6875,14844
6876,21037
6877,16856
6878,32767
6879,14342
6880,13209
6881,12504
6882,-4056
6883,18933
6884,3930
6885,16347
6886,14273
6887,14125
6888,14122
6889,19487
6890,17283
6891,19048
6892,15871
6893,18295
6894,13341
6895,14603
6896,17639
6897,13413
6898,12973
6899,16776
6900,21647
6901,2069
6902,16586
6903,-27048
6904,15623
6905,896
6906,14747
6907,1610
6908,18463
6909,11870
6910,15018
6911,19305
6912,19171
6913,12823
6914,13978
6915,17204
6916,23346
6917,13846
6918,19353
6919,16034
6920,15591
6921,17979
6922,15436
6923,17873
6924,32767
6925,13533
6926,32767
6927,19920
6928,2240
6929,13619
6930,-3007
6931,20956
6932,16082
6933,15370
6934,16202
6935,12612
6936,14124
6937,18593
6938,11656
6939,22426
6940,15340
6941,17100
6942,20414
6943,13140
6944,13143
6945,24012
6946,16235
6947,-32768
6948,18460
6949,32767
6950,18138
6951,2384
6952,14757
6953,-592
6954,18183
6955,15267
6956,15774
6957,14034
6958,14896
6959,17305
6960,18142
6961,12666
6962,21075
6963,17657
6964,19712
6965,16536
6966,13664
6967,13948
6968,23915
6969,18320
6970,-32768
6971,17257
6972,32767
6973,18427
6974,4006
6975,17526
6976,-402
6977,17237
6978,13334
6979,17420
6980,17036
6981,20464
6982,13550
6983,14424
6984,19322
6985,15617
6986,18806
6987,14106
6988,10529
6989,25843
6990,11729
6991,30459
6992,1755
6993,6562
6994,-4503
6995,-7696
6996,2587
6997,32767
6998,-32768
6999,-7676
7000,-32768
7001,31977
7002,18945
7003,-459
7004,9013
7005,4168
7006,16323
7007,6514
7008,5508
7009,-29932
7010,4675
7011,-11168
7012,-19204
7013,13496
7014,-14089
7015,8575
7016,-32768
7017,2335
7018,1808
7019,16127
7020,13468
7021,-32768
7022,-283
7023,5662
7024,-4390
7025,-2853
7026,9800
7027,1517
7028,-28474
7029,17862
7030,3937
7031,-4014
7032,-4486
7033,-1201
7034,-19986
7035,32767
7036,-4045
7037,-10828
7038,-15641
7039,2945
7040,20913
7041,27350
7042,2451
7043,8592
7044,2289
7045,-13558
7046,5849
7047,-7157
7048,-32768
7049,-928
7050,-6497
7051,-3179
7052,3502
7053,-9914
7054,32767
7055,-5112
7056,-8455
7057,-32768
7058,-32768
7059,-12358
7060,-15472
7061,-16929
7062,-17830
7063,-18162
7064,29407
7065,7731
7066,-6524
7067,-5435
7068,-19291
7069,32767
7070,6683
7071,-12376
7072,5535
7073,-23423
7074,1244
7075,32767
7076,-3189
7077,-3095
7078,-2133
7079,32767
7080,-9160
7081,23271
7082,10998
7083,6632
7084,-3819
7085,1035
7086,-8334
7087,24752
7088,-10341
7089,13183
7090,-12452
7091,-9940
7092,-14222
7093,32767
7094,1545
7095,12541
7096,1355
7097,4841
7098,-29214
7099,-8533
7100,7461
7101,-32768
7102,-9518
7103,-2177
7104,7547
7105,3567
7106,4754
7107,4816
7108,-32768
7109,-32768
7110,-12759
7111,25360
7112,4352
7113,-4808
7114,247
7115,-32768
7116,-20812
7117,-4876
7118,14128
7119,32767
7120,-16
7121,1490
7122,-23331
7123,-7729
7124,32767
7125,6003
7126,6294
7127,6524
7128,5329
7129,-5914
7130,-13239
7131,-32768
7132,8710
7133,11987
7134,6184
7135,32767
7136,3234
7137,-19855
7138,-14897
7139,-4093
7140,10188
7141,7278
7142,-4516
7143,-1209
7144,-156
7145,-14605
7146,8350
7147,32767
7148,-6338
7149,-2140
7150,2447
7151,-5586
7152,29831
7153,-32768
7154,-10618
7155,2509
7156,12231
7157,32767
7158,8903
7159,-4531
7160,32767
7161,12993
7162,-4127
7163,-32768
7164,3015
7165,-11866
7166,21763
7167,-5747
7168,2334
7169,-19365
7170,-3894
7171,-32768
7172,-10499
7173,-5906
7174,9614
7175,-32768
7176,-2483
7177,3733
7178,-24823
7179,-8637
7180,-17619
7181,-4576
7182,1873
7183,21405
7184,30771
7185,-29689
7186,-4644
7187,-16148
7188,3326
7189,30520
7190,32767
7191,-2013
7192,20528
7193,18318
7194,16336
7195,15516
7196,17768
7197,14676
7198,20938
7199,17412
7200,-18922
7201,16802
7202,32767
7203,14574
7204,2679
7205,15102
7206,-1664
7207,16426
7208,15107
7209,15234
7210,19315
7211,17162
7212,13366
7213,19101
7214,16908
7215,24747
7216,15203
7217,17091
7218,13558
7219,16177
7220,15000
7221,17633
7222,15917
7223,-32768
7224,15923
7225,32767
7226,17549
7227,447
7228,15597
7229,526
7230,18159
7231,14972
7232,17510
7233,19030
7234,16649
7235,15664
7236,18191
7237,12846
7238,19129
7239,17599
7240,19313
7241,14604
7242,14842
7243,14128
7244,20457
7245,16814
7246,-32768
7247,17407
7248,32767
7249,17224
7250,1708
7251,17529
7252,3221
7253,17249
7254,12548
7255,20656
7256,19048
7257,14937
7258,16357
7259,18493
7260,12370
7261,21179
7262,17664
7263,18639
7264,15959
7265,16816
7266,15665
7267,19957
7268,15945
7269,-32768
7270,20726
7271,19598
7272,14396
7273,2930
7274,15221
7275,-1690
7276,19185
7277,13305
7278,14624
7279,22452
7280,15211
7281,10513
7282,15313
7283,15838
7284,21883
7285,16303
7286,12475
7287,17892
7288,19149
7289,12644
7290,17837
7291,22338
7292,32767
7293,14465
7294,-1076
7295,17566
7296,-1265
7297,17733
7298,-592
7299,29823
7300,15020
7301,12398
7302,20359
7303,22079
7304,9989
7305,21055
7306,17124
7307,16633
7308,16303
7309,5957
7310,16010
7311,20194
7312,10442
7313,19818
7314,24500
7315,32767
7316,13691
7317,15957
7318,18486
7319,5340
7320,16742
7321,1165
7322,31291
7323,22276
7324,9500
7325,15599
7326,21169
7327,14214
7328,19577
7329,13719
7330,13204
7331,17810
7332,11269
7333,16960
7334,18895
7335,10508
7336,18605
7337,21876
7338,-32768
7339,12196
7340,27602
7341,17377
7342,5928
7343,19190
7344,-553
7345,18780
7346,31358
7347,14571
7348,19005
7349,20526
7350,8119
7351,20554
7352,18434
7353,13229
7354,10283
7355,14709
7356,9032
7357,22997
7358,15104
7359,12608
7360,22965
7361,-29279
7362,15764
7363,32767
7364,11651
7365,2478
7366,17065
7367,-922
7368,19667
7369,21252
7370,11279
7371,19466
7372,24495
7373,19842
7374,21386
7375,18161
7376,20050
7377,8692
7378,15799
7379,12819
7380,26175
7381,13588
7382,13569
7383,18609
7384,32767
7385,14021
7386,32767
7387,17369
7388,-264
7389,17099
7390,-1627
7391,18036
7392,14162
7393,14625
7394,19382
7395,21105
7396,14740
7397,15525
7398,19238
7399,24093
7400,13166
7401,15593
7402,16370
7403,14466
7404,14673
7405,19668
7406,18906
7407,-5531
7408,16171
7409,32767
7410,20125
7411,1461
7412,14014
7413,-971
7414,19177
7415,11411
7416,19091
7417,21471
7418,16333
7419,15791
7420,15575
7421,14172
7422,28994
7423,14128
7424,21328
7425,16346
7426,14921
7427,15250
7428,14322
7429,17338
7430,-32768
7431,17297
7432,32767
7433,16717
7434,770
7435,12887
7436,220
7437,16070
7438,12164
7439,18886
7440,18670
7441,20030
7442,18347
7443,15696
7444,13303
7445,21177
7446,16672
7447,18889
7448,17380
7449,14143
7450,14619
7451,21590
7452,17290
7453,32767
7454,19092
7455,32767
7456,15395
7457,3999
7458,17620
7459,-3793
7460,17320
7461,13440
7462,18249
7463,24116
7464,12846
7465,10825
7466,18300
7467,14863
7468,26520
7469,15302
7470,13172
7471,13994
7472,4257
7473,-17606
7474,4287
7475,-32768
7476,-15766
7477,-14150
7478,-7646
7479,-7019
7480,-4060
7481,1653
7482,-3938
7483,-23918
7484,-7630
7485,-14735
7486,-20056
7487,-28315
7488,-9478
7489,-20466
7490,-25466
7491,-32768
7492,-4280
7493,-11855
7494,-14096
7495,-22153
7496,-15074
7497,-6182
7498,-8576
7499,-32768
7500,10424
7501,-23551
7502,-12384
7503,-14197
7504,-6638
7505,-8602
7506,-10077
7507,-5921
7508,15454
7509,1796
7510,-12276
7511,-7481
7512,748
7513,-15487
7514,-1885
7515,14276
7516,-10894
7517,32767
7518,2704
7519,3681
7520,5223
7521,1760
7522,-3244
7523,-21772
7524,-9352
7525,-1129
7526,451
7527,-8060
7528,-9469
7529,933
7530,-14286
7531,-1927
7532,-11538
7533,-5187
7534,-1985
7535,-3523
7536,-8304
7537,-21691
7538,-940
7539,-8197
7540,-15273
7541,-24125
7542,-32768
7543,-20477
7544,-15513
7545,-29683
7546,-12520
7547,-12455
7548,-18827
7549,-14162
7550,-9690
7551,-8641
7552,4937
7553,-12843
7554,3273
7555,-2907
7556,7172
7557,2133
7558,9218
7559,68
7560,7250
7561,2752
7562,29226
7563,8156
7564,13070
7565,30739
7566,-7696
7567,-216
7568,12582
7569,8229
7570,-14078
7571,-6593
7572,-12999
7573,-17274
7574,-6295
7575,-3924
7576,-5735
7577,-5512
7578,-3124
7579,-4966
7580,-20171
7581,-901
7582,-11108
7583,-7145
7584,87
7585,-9778
7586,7837
7587,28736
7588,5591
7589,6720
7590,11601
7591,-15091
7592,1737
7593,3592
7594,6145
7595,14734
7596,15299
7597,3711
7598,29029
7599,7289
7600,-5364
7601,-3761
7602,23571
7603,10035
7604,11757
7605,6662
7606,-10518
7607,9177
7608,11820
7609,9515
7610,9760
7611,11849
7612,27401
7613,18560
7614,11245
7615,10466
7616,10005
7617,26194
7618,32767
7619,5767
7620,12932
7621,25259
7622,23826
7623,7656
7624,17952
7625,8107
7626,8439
7627,15598
7628,12934
7629,17847
7630,18155
7631,10182
7632,14014
7633,24530
7634,17714
7635,20373
7636,12936
7637,12372
7638,20577
7639,16055
7640,-7255
7641,32767
7642,-9941
7643,20934
7644,12799
7645,12873
7646,14980
7647,17572
7648,14520
7649,21084
7650,14999
7651,17433
7652,9035
7653,14276
7654,10385
7655,-68
7656,7241
7657,-4688
7658,13922
7659,29289
7660,7366
7661,6006
7662,6366
7663,15277
7664,18307
7665,10791
7666,10817
7667,15940
7668,18141
7669,20075
7670,26632
7671,21760
7672,14411
7673,11723
7674,18479
7675,22249
7676,14084
7677,18831
7678,19641
7679,18788
7680,11261
7681,14778
7682,16983
7683,-27398
7684,16065
7685,32767
7686,17689
7687,2668
7688,13892
7689,2895
7690,17971
7691,12189
7692,15153
7693,16494
7694,25120
7695,15953
7696,14837
7697,17985
7698,18368
7699,11018
7700,19213
7701,17142
7702,17957
7703,13726
7704,15572
7705,17857
7706,32767
7707,16970
7708,32767
7709,19528
7710,-1104
7711,14079
7712,2506
7713,15601
7714,11323
7715,13740
7716,17015
7717,22764
7718,19147
7719,14985
7720,20396
7721,17649
7722,11262
7723,20845
7724,17334
7725,19654
7726,15751
7727,13549
7728,21057
7729,32767
7730,13607
7731,32767
7732,19447
7733,1557
7734,16273
7735,383
7736,13412
7737,9441
7738,18739
7739,18128
7740,20917
7741,17935
7742,14490
7743,13155
7744,20192
7745,15092
7746,23560
7747,16451
7748,13811
7749,18349
7750,20992
7751,13429
7752,-32768
7753,15210
7754,32767
7755,17712
7756,4918
7757,17762
7758,-4190
7759,16388
7760,17225
7761,17774
7762,14401
7763,14590
7764,18072
7765,15949
7766,12459
7767,30801
7768,20597
7769,14098
7770,17406
7771,12976
7772,9445
7773,32767
7774,23040
7775,32767
7776,23063
7777,32767
7778,15623
7779,-1898
7780,18110
7781,-6369
7782,21510
7783,23884
7784,10671
7785,15143
7786,22255
7787,12671
7788,17830
7789,17024
7790,26258
7791,15234
7792,16283
7793,14793
7794,16807
7795,10044
7796,23773
7797,17350
7798,24508
7799,20341
7800,-32768
7801,16292
7802,-5687
7803,22478
7804,-1171
7805,15186
7806,21407
7807,3115
7808,27345
7809,16857
7810,11195
7811,15052
7812,10919
7813,20061
7814,8851
7815,22629
7816,23402
7817,6410
7818,13582
7819,12562
7820,10498
7821,32767
7822,23035
7823,8366
7824,17431
7825,8958
7826,14661
7827,-5984
7828,29373
7829,19080
7830,16740
7831,18629
7832,13725
7833,2285
7834,19030
7835,12936
7836,10281
7837,15153
7838,6097
7839,13086
7840,15685
7841,14989
7842,17669
7843,17709
7844,32767
7845,17878
7846,32767
7847,16785
7848,7826
7849,17105
7850,-809
7851,19435
7852,22736
7853,21873
7854,21426
7855,14265
7856,11016
7857,18527
7858,11977
7859,15258
7860,17138
7861,15419
7862,11946
7863,12676
7864,12035
7865,16508
7866,15666
7867,-32768
7868,16413
7869,17132
7870,17202
7871,243
7872,20401
7873,480
7874,15042
7875,14915
7876,19327
7877,16779
7878,20677
7879,16430
7880,20955
7881,13928
7882,22559
7883,15468
7884,16305
7885,15001
7886,16249
7887,19018
7888,15839
7889,15253
7890,32767
7891,19379
7892,-32768
7893,16535
7894,373
7895,14998
7896,1026
7897,13990
7898,13898
7899,16770
7900,12125
7901,19836
7902,15052
7903,16245
7904,17679
7905,15197
7906,15992
7907,21027
7908,15384
7909,19482
7910,18023
7911,17295
7912,15468
7913,-32768
7914,12294
7915,32767
7916,18482
7917,393
7918,20196
7919,1370
7920,15208
7921,13844
7922,18338
7923,14108
7924,22011
7925,17611
7926,14681
7927,17576
7928,21066
7929,14028
7930,20133
7931,17254
7932,17943
7933,15307
7934,14999
7935,18333
7936,-32768
7937,16873
7938,-32768
7939,16675
7940,2464
7941,18948
7942,1885
7943,13102
7944,10949
7945,25099
7946,10614
7947,-8731
7948,-3751
7949,-936
7950,8987
7951,605
7952,-18676
7953,-26569
7954,-6344
7955,-13709
7956,-51
7957,-13920
7958,-6810
7959,-12323
7960,-28263
7961,-2433
7962,4196
7963,1287
7964,-5381
7965,700
7966,-13509
7967,-18138
7968,13017
7969,-30630
7970,25478
7971,-5646
7972,-13973
7973,-5499
7974,-8571
7975,-19149
7976,-11969
7977,-32161
7978,-23733
7979,-17824
7980,-12687
7981,-12947
7982,-32768
7983,2388
7984,-18011
7985,-8653
7986,-13191
7987,-17716
7988,-21807
7989,-3659
7990,-32768
7991,-10434
7992,-11310
7993,-7930
7994,-17367
7995,-6714
7996,-12787
7997,-14951
7998,-5430
7999,-3905
8000,-19047
8001,-22980
8002,-17209
8003,-10266
8004,-12603
8005,-12498
8006,-10527
8007,-8757
8008,-6861
8009,31206
8010,1246
8011,-1397
8012,-15527
8013,-23072
8014,-10271
8015,1700
8016,-7446
8017,-943
8018,-7392
8019,-21611
8020,-12120
8021,-15310
8022,-23039
8023,-32768
8024,-15130
8025,-10066
8026,-11515
8027,-12917
8028,-17175
8029,-3566
8030,-9259
8031,-12617
8032,-10562
8033,-32768
8034,-2093
8035,-5913
8036,10411
8037,-4395
8038,-5402
8039,3749
8040,-15192
8041,958
8042,-3966
8043,-6179
8044,-12694
8045,-1668
8046,-32768
8047,209
8048,-8107
8049,387
8050,-16655
8051,-32768
8052,-6463
8053,-17281
8054,-1244
8055,-16794
8056,-1905
8057,-7272
8058,-7224
8059,-3359
8060,-10856
8061,-8354
8062,-5444
8063,-12356
8064,-12636
8065,-7029
8066,-18438
8067,-17671
8068,-24288
8069,-7502
8070,-24438
8071,-19838
8072,-13091
8073,-17381
8074,-32768
8075,-8496
8076,-32768
8077,-14373
8078,-7379
8079,11145
8080,3279
8081,-14935
8082,-12480
8083,-13498
8084,-14072
8085,-16103
8086,-13191
8087,-11976
8088,-17190
8089,-19699
8090,-20796
8091,-19878
8092,-7399
8093,-3623
8094,-22208
8095,-16550
8096,-10231
8097,-32768
8098,-13467
8099,-23559
8100,-15691
8101,-14123
8102,-10695
8103,4291
8104,-14267
8105,-18772
8106,-13168
8107,-2497
8108,-8724
8109,5889
8110,-27668
8111,-8517
8112,-18592
8113,-13029
8114,-14761
8115,-23374
8116,-15203
8117,-2407
8118,-10749
8119,-7698
8120,-10005
8121,-29921
8122,-32525
8123,-9513
8124,-27414
8125,-2412
8126,-5945
8127,4720
8128,9123
8129,7782
8130,7828
8131,-1594
8132,-13968
8133,-2783
8134,-696
8135,1520
8136,4514
8137,11386
8138,4664
8139,32767
8140,20918
8141,22105
8142,19120
8143,32767
8144,15337
8145,32767
8146,17331
8147,3585
8148,17684
8149,1446
8150,24501
8151,14071
8152,15856
8153,30913
8154,11203
8155,4299
8156,20005
8157,20626
8158,20405
8159,16713
8160,7543
8161,7925
8162,13907
8163,16189
8164,32767
8165,19194
8166,14389
8167,17558
8168,32767
8169,14301
8170,2032
8171,18084
8172,1431
8173,16031
8174,19710
8175,12893
8176,-2097
8177,21092
8178,8392
8179,25207
8180,15584
8181,13525
8182,21391
8183,15572
8184,4917
8185,22615
8186,7908
8187,25434
8188,13301
8189,32767
8190,17126
8191,4781
8192,13864
8193,-7049
8194,14340
8195,-1726
8196,16911
8197,27814
8198,20082
8199,11345
8200,16667
8201,10454
8202,21967
8203,18213
8204,17901
8205,15060
8206,12781
8207,7099
8208,19597
8209,12127
8210,13595
8211,18688
8212,32767
8213,18823
8214,32767
8215,19418
8216,332
8217,19926
8218,-3888
8219,16766
8220,25623
8221,14186
8222,15078
8223,20798
8224,15018
8225,19484
8226,12849
8227,20212
8228,19242
8229,17050
8230,12132
8231,19664
8232,14245
8233,18550
8234,17536
8235,-25897
8236,14613
8237,32767
8238,14311
8239,3025
8240,16770
8241,1588
8242,17624
8243,14167
8244,16676
8245,24263
8246,14291
8247,16698
8248,16474
8249,15743
8250,21720
8251,17931
8252,22895
8253,17068
8254,14038
8255,14612
8256,27454
8257,14302
8258,32767
8259,17290
8260,32767
8261,17971
8262,3701
8263,15055
8264,-2278
8265,14514
8266,15450
8267,19159
8268,22867
8269,16605
8270,21288
8271,17624
8272,13575
8273,19771
8274,15361
8275,20089
8276,13687
8277,16603
8278,17867
8279,18896
8280,13506
8281,-24152
8282,19529
8283,-13346
8284,17600
8285,2726
8286,15266
8287,-1108
8288,17906
8289,16538
8290,18680
8291,15638
8292,16859
8293,17472
8294,16603
8295,13311
8296,19027
8297,12060
8298,18901
8299,15764
8300,17818
8301,13462
8302,15038
8303,19490
8304,-32768
8305,15494
8306,-29415
8307,12773
8308,-497
8309,17119
8310,-810
8311,19964
8312,9704
8313,13207
8314,18314
8315,17819
8316,19093
8317,9989
8318,18840
8319,22661
8320,16392
8321,19641
8322,15449
8323,29413
8324,12204
8325,16198
8326,17588
8327,32767
8328,13304
8329,32767
8330,14608
8331,5551
8332,18194
