Sample_Index,col0,col1
0,-18,0
1,-16,-6
2,5,-13
3,-15,-9
4,-1,-12
5,14,-14
6,-21,-9
7,22,-16
8,27,-2
9,-29,0
10,48,-9
11,3,23
12,-48,7
13,76,-2
14,-60,37
15,-49,-24
16,112,-8
17,-137,33
18,12,-63
19,131,17
20,-232,16
21,161,-97
22,83,80
23,-323,-21
24,415,-100
25,-146,178
26,-346,-105
27,834,-62
28,-921,295
29,169,-336
30,1997,54
31,-12122,694
32,-28926,-3708
33,-25039,-13531
34,-13912,-22440
35,-8772,-24390
36,-3342,-23972
37,1342,-28374
38,7643,-28893
39,20760,-20274
40,29218,-13376
41,25509,-6242
42,19790,8293
43,16465,20440
44,6599,26056
45,-10340,27625
46,-21682,18183
47,-23498,1208
48,-22729,-8926
49,-22095,-12789
50,-19587,-19690
51,-11870,-27748
52,-603,-28604
53,7920,-23856
54,16107,-19767
55,24900,-11683
56,26077,3016
57,20583,15579
58,11009,23666
59,-5514,27111
60,-19386,18737
61,-23079,3998
62,-25064,-2684
63,-27458,-3429
64,-25023,-9428
65,-17762,-20240
66,-8059,-26591
67,595,-26350
68,9565,-24753
69,20734,-20061
70,24797,-10099
71,22038,-900
72,23256,8715
73,19392,20676
74,5859,25607
75,3219,24191
76,12639,24042
77,14247,22809
78,8449,22905
79,5084,25816
80,1688,24820
81,-4560,25061
82,-9463,28304
83,-11166,25404
84,-14603,22855
85,-20517,22465
86,-23668,12795
87,-25418,3856
88,-27450,6658
89,-25368,12627
90,-20914,19226
91,-19382,22892
92,-20295,18872
93,-20769,19066
94,-19131,23938
95,-17167,21003
96,-16891,16950
97,-17946,18228
98,-21278,17875
99,-24030,16384
100,-22549,16163
101,-21340,15838
102,-20857,17089
103,-16915,18687
104,-13152,19695
105,-10307,22565
106,-5414,24575
107,-3273,24689
108,-5026,26505
109,-6714,27236
110,-9335,24763
111,-10064,23719
112,-6280,24119
113,-4106,23689
114,-2923,24843
115,876,27350
116,2301,28146
117,3478,26870
118,8548,25089
119,10443,25598
120,8929,27383
121,8031,25976
122,2292,24263
123,-6404,25762
124,-9098,24901
125,-8159,21169
126,-9808,21517
127,-11850,24041
128,-10230,23614
129,-6915,24038
130,-1748,26192
131,7845,24188
132,12899,20966
133,9976,21807
134,12034,21875
135,16441,21160
136,11885,24238
137,6022,26018
138,3906,25773
139,241,28777
140,-3299,30288
141,-3903,27589
142,-2138,25252
143,557,23703
144,2643,24529
145,4423,28293
146,3226,29129
147,-831,25927
148,-2508,22830
149,-5254,22316
150,-11226,23035
151,-13523,21390
152,-13633,20378
153,-15136,22274
154,-14106,21385
155,-11244,20218
156,-7707,23432
157,-711,24828
158,5602,23423
159,6430,23833
160,5885,24844
161,6780,24416
162,5021,22077
163,-202,20737
164,-3134,23311
165,-1914,26022
166,-1135,26985
167,-2018,26227
168,-1087,23267
169,2953,23695
170,7925,25997
171,9344,22669
172,4336,20005
173,-1901,23350
174,-3814,26345
175,-6383,25559
176,-13557,20131
177,-20404,10764
178,-25171,2032
179,-27763,-3945
180,-25157,-7916
181,-21964,-10864
182,-23365,-9791
183,-24681,-3954
184,-23718,-6579
185,-21540,-20047
186,-16282,-25252
187,-10334,-21932
188,-4916,-25307
189,4968,-28766
190,18021,-20814
191,26558,-7656
192,27207,2855
193,22793,10949
194,17390,18247
195,11144,23653
196,3968,25704
197,-4127,24102
198,-16315,17331
199,-26181,6218
200,-23560,-5784
201,-15821,-17892
202,-6968,-25544
203,11700,-21565
204,28134,-8673
205,25335,6132
206,15117,18345
207,8828,23962
208,1323,24743
209,-6312,24158
210,-12999,19705
211,-22346,9259
212,-26944,-4486
213,-20941,-16113
214,-11817,-23442
215,-1356,-26906
216,14038,-21240
217,24625,-7364
218,21849,5001
219,16563,16230
220,15223,24768
221,9776,23813
222,3124,21508
223,302,22717
224,-7781,22345
225,-19118,21547
226,-22841,15476
227,-23361,2678
228,-24286,-7335
229,-19221,-17996
230,-6575,-27532
231,8969,-24664
232,19712,-19122
233,23130,-16982
234,25273,-10812
235,27229,-5117
236,26743,703
237,24347,11248
238,17056,19457
239,5651,24311
240,-3471,25580
241,-11442,21038
242,-20835,15864
243,-26159,4904
244,-23932,-12217
245,-18836,-19282
246,-15198,-20446
247,-11503,-26562
248,-5790,-29000
249,1111,-26701
250,8105,-24842
251,14181,-20791
252,19387,-14913
253,24090,-6345
254,25781,4859
255,21793,14172
256,10770,22415
257,-6345,24654
258,-20765,15960
259,-25106,8605
260,-25665,6233
261,-28223,-593
262,-27319,-9923
263,-20010,-19167
264,-8522,-27552
265,6387,-27082
266,18294,-18709
267,21336,-7695
268,21454,7749
269,16578,21708
270,-3108,23547
271,-23302,11903
272,-26421,-3930
273,-24299,-10327
274,-24511,-10271
275,-16778,-17645
276,-3400,-26709
277,10144,-24996
278,23175,-14834
279,26258,-2546
280,22257,8115
281,20174,16839
282,5982,22468
283,-18775,16183
284,-25281,-2783
285,-15904,-19364
286,-13815,-23959
287,-12781,-24475
288,1026,-28019
289,17868,-24096
290,24446,-7206
291,22637,8702
292,16354,17292
293,4702,22681
294,-8030,23146
295,-18472,14910
296,-25069,-3322
297,-17593,-20780
298,-591,-25317
299,3836,-25400
300,953,-25791
301,10222,-22101
302,22281,-18743
303,25045,-9568
304,25265,6675
305,24879,11875
306,22673,10825
307,21710,16978
308,16826,21884
309,3453,22409
310,-10718,21480
311,-16079,19603
312,-9099,21426
313,3359,23238
314,9401,22329
315,7817,23297
316,3323,22953
317,-2773,23128
318,-6867,26663
319,-5531,24938
320,-1683,22727
321,-2799,27422
322,-12219,25506
323,-21474,14761
324,-24478,11541
325,-24247,17342
326,-18580,22296
327,-10616,23981
328,-12179,23240
329,-19065,20330
330,-22271,15572
331,-25159,9184
332,-25510,6804
333,-20184,11053
334,-19682,8482
335,-24956,-8261
336,-19794,-24741
337,-5356,-30450
338,-1833,-29046
339,-7991,-26166
340,-6757,-25805
341,-533,-26639
342,4166,-25279
343,13314,-20364
344,23996,-10998
345,27228,-4395
346,25462,-2688
347,22865,7837
348,14754,23144
349,-2732,25183
350,-18495,19409
351,-20687,15859
352,-20257,12821
353,-26224,12478
354,-26616,10612
355,-21736,-877
356,-21032,-15417
357,-15455,-24984
358,-3523,-29001
359,3549,-29172
360,12188,-25332
361,24176,-9882
362,23345,11354
363,11136,19370
364,-236,20729
365,-8914,25261
366,-12794,21356
367,-17758,13538
368,-28349,6899
369,-25322,-10483
370,-6614,-24599
371,3040,-22870
372,6433,-22156
373,17885,-17430
374,25019,2043
375,17704,17994
376,3707,23337
377,-7591,24017
378,-11633,19432
379,-12573,17679
380,-16586,20547
381,-22389,14363
382,-25075,-1709
383,-21896,-15891
384,-16859,-23025
385,-13519,-25311
386,-6935,-26044
387,4661,-25291
388,16646,-19726
389,24951,-9019
390,26632,-294
391,25844,2881
392,27849,6721
393,28111,11340
394,23957,13482
395,16842,18965
396,5743,26015
397,-4260,26095
398,-8830,22969
399,-14145,19669
400,-20872,10696
401,-22450,-3664
402,-19542,-16926
403,-15095,-23263
404,-10302,-23850
405,-8694,-25206
406,-8370,-26570
407,-2954,-25882
408,6995,-25453
409,17329,-20077
410,24384,-9131
411,26423,-4528
412,27196,-2610
413,24113,10726
414,9614,25978
415,-7919,25985
416,-17042,17360
417,-21059,14092
418,-22303,14931
419,-20895,14852
420,-22757,12366
421,-25381,1546
422,-19677,-15083
423,-9539,-23317
424,-3586,-24620
425,3548,-27132
426,17431,-20992
427,26545,-1693
428,20217,17572
429,4090,25910
430,-10451,21504
431,-16798,14184
432,-19660,12035
433,-24896,4180
434,-22220,-13487
435,-7016,-25231
436,5872,-24012
437,13650,-18126
438,24060,-12156
439,27845,239
440,15023,18461
441,-6154,24332
442,-22551,11165
443,-27761,-3908
444,-25690,-7994
445,-25136,-5610
446,-23633,-9713
447,-11997,-21621
448,6065,-25820
449,18985,-19708
450,22984,-15434
451,22879,-12746
452,24659,-4627
453,23027,9061
454,7612,21602
455,-12130,24075
456,-19817,18830
457,-18019,16752
458,-14781,20149
459,-15138,20776
460,-21781,10669
461,-25053,-5887
462,-20267,-17936
463,-17095,-22953
464,-14839,-24656
465,-7258,-26762
466,2235,-28776
467,12209,-24787
468,22471,-15162
469,27620,-8098
470,25533,-8924
471,20963,-15336
472,20188,-18556
473,23496,-15477
474,26373,-10846
475,27316,-5250
476,27061,-575
477,26982,-853
478,26824,-2216
479,24690,-792
480,23658,4800
481,22723,15251
482,18610,20949
483,21090,13824
484,28072,2717
485,24755,-3211
486,22164,-6387
487,27728,-9497
488,25377,-10993
489,21316,-11423
490,24907,-13340
491,21895,-17435
492,16993,-20817
493,22426,-17406
494,26724,-8217
495,26086,-5190
496,24837,-12664
497,17374,-22222
498,9239,-27205
499,9895,-26285
500,11776,-24075
501,9593,-26021
502,9335,-27526
503,10690,-25692
504,8537,-25373
505,8193,-25088
506,15559,-22568
507,21349,-19269
508,20638,-13658
509,21779,-11012
510,21210,-17287
511,14332,-23896
512,13044,-24373
513,16618,-21816
514,15090,-18801
515,15130,-19525
516,17272,-22761
517,14437,-21942
518,14561,-20577
519,18922,-20614
520,19799,-16512
521,21701,-13314
522,22053,-16842
523,12434,-21930
524,2562,-26239
525,-1104,-29367
526,-5192,-28183
527,-7596,-25642
528,-6271,-26668
529,-7481,-28844
530,-9085,-27722
531,-5676,-25713
532,-1115,-27124
533,2949,-27720
534,9519,-24240
535,13007,-23302
536,7858,-25971
537,1940,-26596
538,1272,-27026
539,771,-28356
540,-1653,-26656
541,-3298,-24954
542,-3752,-25698
543,-4145,-23937
544,-7229,-21369
545,-11975,-23031
546,-10691,-25627
547,-3608,-27097
548,-2062,-27676
549,-9837,-23795
550,-18241,-17895
551,-21509,-15038
552,-22866,-13839
553,-24480,-14928
554,-24204,-17156
555,-22662,-15326
556,-22371,-13094
557,-23046,-13254
558,-23638,-12761
559,-22031,-16375
560,-16631,-23650
561,-14789,-23265
562,-22702,-13092
563,-28785,1385
564,-24231,13807
565,-19763,17890
566,-18322,17684
567,-12539,20021
568,-9596,23251
569,-13369,25586
570,-12837,26294
571,-10503,23439
572,-16098,18249
573,-22718,13319
574,-23438,10394
575,-22262,11255
576,-19503,17211
577,-14217,24768
578,-11518,26638
579,-9842,24830
580,-1429,25006
581,8946,23093
582,14144,17788
583,20202,8782
584,25385,-7967
585,20287,-21225
586,10648,-23600
587,-1242,-25168
588,-19166,-17751
589,-25816,6472
590,-11768,24913
591,5218,25937
592,18891,17399
593,29434,2142
594,27469,-10735
595,21206,-14914
596,21677,-18347
597,19952,-22273
598,15507,-23877
599,15432,-24099
600,15394,-21585
601,12164,-20962
602,4793,-25224
603,-4359,-26829
604,-6259,-25673
605,-6655,-25320
606,-14001,-23207
607,-16674,-23116
608,-13369,-25854
609,-15387,-22959
610,-17710,-18318
611,-17397,-19488
612,-20541,-19092
613,-23706,-12530
614,-25378,-3393
615,-25212,8275
616,-16787,18862
617,-4496,24510
618,6718,27803
619,19696,23623
620,26471,9720
621,24844,-467
622,25696,-5522
623,25663,-13476
624,20273,-17919
625,17197,-18677
626,16247,-22716
627,13911,-24198
628,10068,-24017
629,4609,-27348
630,2951,-26350
631,3904,-22805
632,1786,-25160
633,4185,-28257
634,13550,-27355
635,22071,-21355
636,28483,-10748
637,29953,-1764
638,25661,6584
639,21994,15179
640,19091,17847
641,18719,18254
642,23493,16708
643,25860,8219
644,25173,2977
645,26109,1976
646,24996,-5508
647,22043,-13225
648,18998,-18195
649,13235,-24463
650,8053,-25392
651,4804,-25144
652,-1589,-29018
653,-10833,-25142
654,-19877,-14075
655,-25656,-3782
656,-23686,8296
657,-17507,17587
658,-14923,20890
659,-14527,22650
660,-13602,21175
661,-15444,20468
662,-19415,23203
663,-22942,17988
664,-26113,5039
665,-24861,-4739
666,-19879,-11510
667,-17977,-18527
668,-14728,-24238
669,-8138,-25170
670,-6868,-22677
671,-5180,-23291
672,4855,-24889
673,12569,-23935
674,13016,-24947
675,13998,-25772
676,17457,-22821
677,21173,-19877
678,24841,-16945
679,25950,-14295
680,20974,-15670
681,15220,-19800
682,14992,-23461
683,12129,-25044
684,7200,-23887
685,14821,-19248
686,25604,-10793
687,25347,-1328
688,23349,9649
689,15584,22519
690,-7820,25696
691,-26783,11286
692,-24595,-10131
693,-9628,-23032
694,8603,-22027
695,22951,-11592
696,24046,5055
697,8220,20960
698,-15064,18281
699,-24680,-4945
700,-8265,-25113
701,17985,-21471
702,23490,4025
703,1022,22669
704,-22442,10146
705,-20905,-15962
706,570,-26095
707,19010,-15146
708,22213,6952
709,13226,23751
710,-4164,25432
711,-22875,14849
712,-26294,-6741
713,-7772,-25953
714,16121,-19136
715,21261,6587
716,2427,23341
717,-19548,18911
718,-24821,-2994
719,-11444,-23442
720,11614,-22618
721,26037,-5384
722,20914,14434
723,4573,26537
724,-13790,17967
725,-23175,-5896
726,-9861,-22078
727,17051,-18506
728,27375,4709
729,4503,27219
730,-25391,15817
731,-20488,-17942
732,9756,-27598
733,24137,-7713
734,18062,12807
735,5078,22374
736,-12781,21857
737,-25836,9862
738,-24953,-7816
739,-16723,-20320
740,-6816,-24446
741,5216,-23694
742,15493,-20091
743,19794,-16037
744,20471,-15808
745,17537,-18976
746,6901,-22204
747,-7849,-22936
748,-20056,-16780
749,-27223,-5020
750,-26368,4657
751,-20129,13154
752,-16279,22619
753,-13777,25743
754,-9869,23382
755,-11290,22639
756,-20723,18995
757,-28214,10487
758,-27665,2661
759,-24892,-6452
760,-22359,-16328
761,-15641,-22002
762,-4839,-26042
763,6704,-26380
764,16694,-18354
765,22830,-7451
766,24787,4166
767,22262,15799
768,13847,21588
769,2019,24149
770,-8525,24591
771,-16304,18946
772,-20638,16403
773,-19145,21747
774,-14650,24962
775,-13002,24421
776,-10340,24114
777,-3552,24692
778,-30,27470
779,697,28401
780,4326,24967
781,6901,23271
782,6561,24605
783,4574,26287
784,-333,27275
785,-2906,24264
786,375,21267
787,2860,25583
788,-522,29191
789,-9021,25228
790,-18027,19957
791,-22994,11068
792,-23856,-4745
793,-17706,-18334
794,-1030,-26181
795,17951,-23051
796,26975,-1399
797,22184,19895
798,8057,24757
799,-4165,26799
800,-7534,28589
801,-10314,22403
802,-17916,16823
803,-20616,15556
804,-16850,14098
805,-17953,14125
806,-24106,15125
807,-25377,16119
808,-20248,18897
809,-16202,21419
810,-14436,21881
811,-5969,21719
812,8733,21645
813,19964,17058
814,27318,3236
815,27670,-11712
816,14972,-19083
817,1065,-23026
818,-4722,-24438
819,-10488,-21812
820,-18037,-19800
821,-22524,-14805
822,-25560,-3010
823,-27175,7332
824,-20700,15498
825,-2748,23627
826,18076,19328
827,27706,-810
828,17890,-19309
829,-6531,-21287
830,-24330,-4566
831,-18160,19845
832,4804,29476
833,25559,13146
834,26756,-13071
835,2910,-23627
836,-22680,-8234
837,-17170,18055
838,14324,21582
839,25058,-8676
840,-5103,-27946
841,-26065,-1850
842,-931,24135
843,23866,5669
844,6885,-22386
845,-20509,-19673
846,-23315,3517
847,-5650,22308
848,17234,17875
849,26944,-8439
850,10640,-26244
851,-15495,-16250
852,-22608,7899
853,-5088,23859
854,18900,17490
855,27483,-5506
856,12102,-22367
857,-11692,-23550
858,-23040,-16028
859,-23994,-2828
860,-24273,11281
861,-19715,18640
862,-8376,22621
863,2986,25898
864,13672,21734
865,24048,8788
866,25670,-8095
867,13744,-22111
868,-3150,-25090
869,-16203,-18576
870,-23942,-8119
871,-23568,7434
872,-14524,22699
873,-1863,27929
874,12791,23109
875,24291,9462
876,21898,-10778
877,4567,-24371
878,-17976,-17983
879,-25485,4973
880,-4157,22436
881,21266,14689
882,21536,-9903
883,5866,-25743
884,-10334,-22187
885,-22691,-9437
886,-25438,2139
887,-21405,13182
888,-13108,22043
889,2531,22584
890,16547,17720
891,22641,11004
892,26352,1162
893,25971,-8304
894,17827,-16830
895,6303,-24837
896,-3848,-25934
897,-11478,-21623
898,-17794,-17776
899,-22043,-14990
900,-23794,-12911
901,-24914,-2705
902,-19948,16266
903,-5659,25927
904,9073,23897
905,20425,13749
906,23602,-9204
907,6213,-24329
908,-18749,-13538
909,-22779,5920
910,-7790,20697
911,8938,25717
912,22800,15636
913,29687,2205
914,25688,-8394
915,14510,-20460
916,388,-26340
917,-9919,-26331
918,-12018,-27623
919,-14388,-23346
920,-21230,-14800
921,-24651,-12101
922,-23795,-11637
923,-21737,-12708
924,-14325,-21244
925,-1318,-27958
926,10869,-23232
927,18223,-15065
928,21811,-10618
929,25343,-6859
930,27165,633
931,24025,12507
932,20526,19928
933,18749,17009
934,16753,16245
935,15876,23469
936,11660,26393
937,1331,24450
938,-7498,24360
939,-14502,19305
940,-23364,9054
941,-28805,3852
942,-28216,-371
943,-24993,-10183
944,-20673,-17250
945,-14208,-19891
946,-6320,-26268
947,-144,-30639
948,9537,-23449
949,25156,-8910
950,27528,7698
951,7237,21587
952,-15260,20813
953,-22320,1990
954,-12223,-19012
955,8223,-22796
956,24022,-6728
957,22937,14693
958,5116,26849
959,-16265,22610
960,-24908,3334
961,-17462,-17425
962,1784,-24455
963,23087,-13237
964,24653,8415
965,711,21005
966,-22647,10920
967,-23216,-10834
968,-5907,-24108
969,11916,-22824
970,21553,-12582
971,24605,899
972,19922,12217
973,9337,18091
974,-637,21383
975,-13806,18485
976,-26928,3187
977,-24125,-12726
978,-9145,-20222
979,7204,-22608
980,23067,-10670
981,23813,13363
982,6212,26067
983,-8504,24810
984,-17358,14997
985,-23731,-5953
986,-15927,-23112
987,2110,-25059
988,18124,-17334
989,26589,1440
990,15080,21335
991,-11022,19548
992,-23686,-901
993,-14279,-19103
994,6187,-23015
995,23462,-10190
996,22733,11377
997,6298,26133
998,-11601,23008
999,-23028,4058
1000,-19986,-17034
1001,-829,-26658
1002,19285,-15877
1003,20561,11985
1004,-3516,27309
1005,-27672,6933
1006,-17849,-21776
1007,13953,-20504
1008,26619,4690
1009,9389,24947
1010,-14965,23135
1011,-22687,213
1012,-9392,-22809
1013,13754,-22547
1014,25843,2622
1015,5436,25092
1016,-23140,8957
1017,-8014,-25091
1018,26640,-13678
1019,15339,24459
1020,-21186,15147
1021,-18728,-21864
1022,16728,-20604
1023,29368,9223
1024,1545,22966
1025,-23583,4731
1026,-10105,-24203
1027,18687,-20404
1028,22473,13905
1029,-3780,25009
1030,-24482,-1465
1031,-5697,-24184
1032,24706,-12337
1033,18213,16520
1034,-9698,21047
1035,-20904,-2918
1036,-14043,-21960
1037,2831,-22229
1038,21456,-11541
1039,26279,5996
1040,14066,22995
1041,-5452,26285
1042,-20004,10416
1043,-20190,-12377
1044,-5754,-24079
1045,15326,-20612
1046,27569,-5845
1047,23217,12053
1048,12664,21237
1049,905,22969
1050,-11756,20917
1051,-18158,10667
1052,-21664,-1640
1053,-23882,-10816
1054,-15663,-21702
1055,-714,-27644
1056,14809,-20720
1057,26539,-6018
1058,23111,10300
1059,11279,22061
1060,4327,25637
1061,-3699,24940
1062,-13691,22869
1063,-19036,19848
1064,-21501,16715
1065,-22642,14966
1066,-22731,15769
1067,-22060,14860
1068,-21960,9868
1069,-25118,4431
1070,-25342,-2837
1071,-19769,-11362
1072,-17983,-14018
1073,-21335,-12369
1074,-23215,-12286
1075,-21995,-14403
1076,-20129,-18607
1077,-20982,-21056
1078,-21857,-17476
1079,-20631,-12227
1080,-21917,-11211
1081,-22657,-14783
1082,-17847,-19456
1083,-9939,-22380
1084,335,-24819
1085,7523,-26546
1086,7292,-25240
1087,10540,-22908
1088,19407,-20547
1089,22815,-15054
1090,23836,-7316
1091,28403,-2465
1092,28997,-421
1093,24707,5425
1094,22348,15831
1095,14376,23743
1096,-6162,23737
1097,-22356,12307
1098,-21967,-3864
1099,-17573,-11149
1100,-15694,-16384
1101,-8688,-26014
1102,4547,-23028
1103,17696,-12509
1104,22620,-14676
1105,20189,-15690
1106,22171,-5561
1107,26387,1196
1108,22952,8105
1109,16633,20331
1110,8609,25477
1111,-3629,25085
1112,-9469,27150
1113,-7982,27298
1114,-10428,24794
1115,-15454,21922
1116,-17966,18105
1117,-16801,18346
1118,-10978,24360
1119,-8641,27511
1120,-14042,23884
1121,-16957,19567
1122,-16230,17651
1123,-19881,13385
1124,-25589,5947
1125,-27444,3099
1126,-24951,7038
1127,-22457,9924
1128,-23986,9894
1129,-23169,13747
1130,-14978,20793
1131,-6476,24256
1132,800,25139
1133,10072,25208
1134,17600,20389
1135,23009,12691
1136,27263,6665
1137,26818,-1223
1138,22762,-12038
1139,15219,-20750
1140,888,-24457
1141,-15430,-19628
1142,-24637,-4685
1143,-20359,12255
1144,-3215,21945
1145,13978,22836
1146,21329,16118
1147,24158,3695
1148,26479,-8206
1149,23306,-15109
1150,15312,-20159
1151,7892,-24598
1152,-908,-24938
1153,-11413,-21817
1154,-19144,-16700
1155,-26073,-8720
1156,-29377,695
1157,-23034,11365
1158,-15890,23040
1159,-10499,29626
1160,-856,28134
1161,3432,24559
1162,1865,24199
1163,4295,26341
1164,3606,28222
1165,3305,26915
1166,12606,22241
1167,17151,19895
1168,16642,21324
1169,22835,19047
1170,25638,11894
1171,24924,5586
1172,29939,1496
1173,31627,658
1174,27570,4232
1175,22768,10892
1176,16638,18562
1177,14978,21377
1178,15533,19480
1179,11585,20925
1180,9216,22745
1181,3892,21572
1182,-7739,24557
1183,-9745,28066
1184,-6025,25246
1185,-10501,22486
1186,-14813,20972
1187,-17910,13294
1188,-23449,-1943
1189,-19807,-18481
1190,-9281,-26464
1191,-763,-25365
1192,11234,-24071
1193,21563,-20766
1194,22786,-11271
1195,24020,-3508
1196,27028,1231
1197,27627,8198
1198,28524,11439
1199,26156,10339
1200,17684,16356
1201,7853,26901
1202,-2866,29661
1203,-10932,25573
1204,-11229,21080
1205,-11454,18499
1206,-16166,19081
1207,-18785,19531
1208,-20397,16709
1209,-24651,14439
1210,-24772,15049
1211,-17555,18171
1212,-11437,22846
1213,-13396,22301
1214,-20313,14986
1215,-24129,10536
1216,-23085,12438
1217,-22048,17158
1218,-20536,22331
1219,-15292,23239
1220,-10581,20291
1221,-10098,20076
1222,-9438,22606
1223,-3305,25280
1224,7708,25582
1225,16444,20190
1226,18148,16446
1227,16057,21923
1228,12110,27375
1229,9029,24492
1230,13859,19622
1231,21472,18034
1232,21982,15152
1233,22152,9749
1234,26284,6672
1235,26026,2318
1236,24120,-6760
1237,24363,-14413
1238,17694,-21212
1239,9759,-25861
1240,13220,-21275
1241,17625,-18105
1242,16011,-21770
1243,16770,-20120
1244,15261,-19336
1245,7911,-25988
1246,3410,-27000
1247,224,-22967
1248,-4680,-22561
1249,-9919,-22215
1250,-18830,-19044
1251,-25210,-14380
1252,-23220,-12732
1253,-20137,-16596
1254,-15226,-20630
1255,-9227,-24122
1256,-10952,-26620
1257,-11827,-23974
1258,-4511,-23671
1259,95,-29064
1260,1075,-29296
1261,4961,-25509
1262,6242,-26531
1263,-1158,-27336
1264,-10033,-23531
1265,-8543,-23904
1266,-807,-28917
1267,2743,-27156
1268,7015,-23258
1269,11266,-26194
1270,5540,-26777
1271,-2476,-25191
1272,-6664,-27610
1273,-13110,-23383
1274,-16903,-16446
1275,-18202,-16215
1276,-24508,-6676
1277,-25974,10538
1278,-20594,15679
1279,-19979,15394
1280,-18823,14819
1281,-16313,8849
1282,-21059,11042
1283,-20285,23031
1284,-6909,26464
1285,3799,22892
1286,7316,21899
1287,9608,19943
1288,15445,13948
1289,24356,1411
1290,22739,-16051
1291,9410,-25474
1292,897,-24869
1293,-1993,-24679
1294,-6425,-24551
1295,-13874,-20517
1296,-24323,-10769
1297,-24932,6862
1298,-11629,21423
1299,-2912,24894
1300,3353,25093
1301,19091,17291
1302,25031,-3915
1303,8074,-21903
1304,-13366,-25885
1305,-23590,-17527
1306,-22278,-4288
1307,-19603,821
1308,-20896,6481
1309,-9086,21575
1310,16657,22293
1311,27442,5068
1312,23082,-6997
1313,18696,-16811
1314,2884,-25799
1315,-18757,-15740
1316,-22722,7985
1317,-12227,23293
1318,2744,23569
1319,16309,16534
1320,22710,10295
1321,26571,667
1322,19284,-14829
1323,-4495,-22053
1324,-19887,-13456
1325,-22711,3015
1326,-22246,18062
1327,-3249,21600
1328,23268,10038
1329,25778,-7996
1330,7815,-21683
1331,-14312,-22449
1332,-27360,-12461
1333,-23552,-1764
1334,-16574,11459
1335,-9165,25047
1336,8834,21996
1337,23582,4452
1338,23902,-10757
1339,15349,-21170
1340,-3192,-23229
1341,-22509,-9814
1342,-24395,10662
1343,-10046,25130
1344,8935,25924
1345,22349,14106
1346,25627,3571
1347,23873,-1699
1348,16031,-11315
1349,9,-20856
1350,-13555,-19659
1351,-21359,-9024
1352,-26447,5378
1353,-21106,17871
1354,-2951,24902
1355,17539,21782
1356,28853,2522
1357,24931,-19209
1358,11908,-24923
1359,124,-23770
1360,-8192,-24209
1361,-15124,-16979
1362,-22269,-4886
1363,-23935,5851
1364,-13855,19390
1365,183,27899
1366,12747,20931
1367,24112,5550
1368,24084,-11821
1369,11118,-26891
1370,-3630,-27920
1371,-16604,-18700
1372,-23710,-11911
1373,-23013,-1159
1374,-20895,13493
1375,-13164,19850
1376,4638,22387
1377,21179,19240
1378,26945,2793
1379,20441,-11848
1380,4148,-20097
1381,-12947,-23748
1382,-22598,-7162
1383,-22436,15761
1384,-13998,21479
1385,-3837,23485
1386,1599,26652
1387,6254,24361
1388,16974,20941
1389,26883,10258
1390,28111,-2395
1391,25800,-6585
1392,20975,-16250
1393,12171,-26421
1394,4230,-23845
1395,-6391,-23285
1396,-18676,-23396
1397,-20763,-15740
1398,-18135,-15064
1399,-19667,-19793
1400,-20499,-16942
1401,-22320,-10220
1402,-25941,-4519
1403,-25522,-767
1404,-23336,4435
1405,-21002,13162
1406,-17308,18143
1407,-12160,21279
1408,-2743,26640
1409,5559,27340
1410,6960,26174
1411,6357,27182
1412,4302,25332
1413,3853,23954
1414,9676,24153
1415,10705,21731
1416,5595,21861
1417,7175,23924
1418,11984,21570
1419,14137,19741
1420,16824,20211
1421,19541,16393
1422,24613,10899
1423,29370,10476
1424,22361,14479
1425,10917,21547
1426,10163,28140
1427,12776,27104
1428,9179,24266
1429,5913,28124
1430,7184,29865
1431,10492,27026
1432,14609,26185
1433,15759,21511
1434,14879,15755
1435,19456,15159
1436,24834,8192
1437,24303,1523
1438,24415,9213
1439,25453,13018
1440,24365,7073
1441,25739,8303
1442,24912,9768
1443,21281,1984
1444,25534,-4934
1445,29847,-5719
1446,26317,-4039
1447,25030,-6289
1448,23364,-12923
1449,19411,-15626
1450,24337,-13880
1451,28620,-8135
1452,23636,2956
1453,24348,6814
1454,28608,1595
1455,24741,2589
1456,21830,7232
1457,23453,6987
1458,23693,4998
1459,25103,668
1460,26387,-4353
1461,24898,-6477
1462,24455,-9917
1463,24639,-10777
1464,24886,-3540
1465,26400,3187
1466,26836,5569
1467,26669,7433
1468,25785,6772
1469,24056,3316
1470,26840,422
1471,29324,-1269
1472,24041,-2485
1473,21257,-5754
1474,24107,-12897
1475,20754,-20912
1476,16213,-23728
1477,20513,-18439
1478,23797,-12872
1479,21248,-14211
1480,22431,-15767
1481,24753,-14903
1482,20399,-17270
1483,15148,-19232
1484,13381,-19497
1485,11150,-23729
1486,6175,-27108
1487,-1252,-26499
1488,-5852,-27198
1489,-4352,-27547
1490,-3026,-27525
1491,-1142,-29122
1492,5573,-26527
1493,9302,-23336
1494,7949,-26445
1495,6969,-28120
1496,4436,-26742
1497,3762,-27921
1498,7756,-27964
1499,4961,-26810
1500,-4128,-26798
1501,-6346,-24507
1502,-4893,-22664
1503,-4544,-24510
1504,1404,-26814
1505,7911,-27601
1506,6527,-26468
1507,3859,-26376
1508,1090,-27928
1509,-6079,-25935
1510,-10835,-22927
1511,-14843,-19363
1512,-24769,-8249
1513,-28311,3709
1514,-21894,9672
1515,-18463,16977
1516,-13305,25094
1517,-2378,27120
1518,3510,24988
1519,10356,22357
1520,23007,15896
1521,26775,1481
1522,22992,-13488
1523,18844,-21335
1524,4401,-25111
1525,-16000,-19928
1526,-25145,-2124
1527,-20853,14007
1528,-7151,22667
1529,10097,26275
1530,22726,17446
1531,28162,-1029
1532,22522,-16550
1533,5268,-25064
1534,-13530,-21433
1535,-23421,-1788
1536,-13347,19882
1537,13384,22192
1538,24889,1764
1539,5395,-19106
1540,-19177,-15436
1541,-23620,8302
1542,-8896,23220
1543,11878,18008
1544,25926,5606
1545,22850,-10474
1546,448,-24831
1547,-23086,-15257
1548,-24064,11774
1549,-3975,23945
1550,16981,14459
1551,20330,-6647
1552,-26,-22052
1553,-22751,-7802
1554,-18517,22198
1555,6854,29353
1556,25054,10532
1557,23239,-13183
1558,4202,-24328
1559,-17638,-13124
1560,-21163,9334
1561,-4635,23310
1562,14743,19370
1563,20631,-3812
1564,2302,-23422
1565,-22029,-7856
1566,-14585,22030
1567,14134,19053
1568,22298,-8636
1569,8749,-24701
1570,-9488,-23647
1571,-23891,-7887
1572,-16386,16587
1573,9706,22443
1574,22533,1612
1575,11292,-20637
1576,-11459,-21792
1577,-24408,2409
1578,-7208,25865
1579,20761,14700
1580,20053,-15590
1581,-4923,-26117
1582,-23270,-14756
1583,-24087,3045
1584,-11571,20487
1585,8242,25001
1586,24247,6841
1587,19756,-17726
1588,-6328,-24474
1589,-26066,-10109
1590,-18252,12529
1591,5847,21282
1592,22130,1139
1593,13180,-23230
1594,-12201,-21307
1595,-25357,-4224
1596,-19331,11262
1597,-4638,21525
1598,13809,16921
1599,24753,339
1600,18706,-15939
1601,1341,-25814
1602,-16900,-16416
1603,-21848,8905
1604,-6578,22622
1605,15641,16762
1606,25931,1173
1607,15148,-17013
1608,-6335,-25861
1609,-20100,-19891
1610,-24365,-4788
1611,-18810,14157
1612,427,25041
1613,18328,16733
1614,21406,-4412
1615,8966,-21492
1616,-18236,-17787
1617,-33604,6264
1618,-10556,24379
1619,20327,15318
1620,21079,-12055
1621,2668,-30686
1622,-13525,-22722
1623,-20437,572
1624,-13737,18720
1625,3092,25518
1626,18540,14117
1627,18981,-13349
1628,-2404,-27117
1629,-26355,-9639
1630,-22055,17815
1631,6662,24595
1632,23303,4355
1633,13696,-17866
1634,-2392,-22768
1635,-15385,-16764
1636,-26240,-177
1637,-21561,22603
1638,-379,27643
1639,17847,14268
1640,23172,-1141
1641,11409,-17092
1642,-12386,-21544
1643,-23292,-133
1644,-10919,26211
1645,9780,28444
1646,24566,9386
1647,25689,-10319
1648,15909,-22308
1649,4444,-27160
1650,-7928,-23659
1651,-18890,-17013
1652,-23052,-8508
1653,-23141,7577
1654,-17105,21249
1655,-469,23797
1656,16205,21295
1657,23142,9912
1658,22621,-10864
1659,14852,-25373
1660,2214,-27365
1661,-6549,-22756
1662,-12353,-18324
1663,-20566,-14316
1664,-26256,-5512
1665,-25212,3108
1666,-21209,9259
1667,-16707,19763
1668,-9618,26718
1669,2159,25308
1670,14667,24888
1671,22481,21245
1672,27041,11502
1673,28244,7092
1674,25124,8102
1675,25062,7279
1676,28309,4559
1677,27581,1758
1678,27102,-346
1679,28259,-3229
1680,25439,-6804
1681,24893,-9714
1682,26295,-14981
1683,19108,-20729
1684,9879,-22782
1685,4277,-25182
1686,-2445,-27329
1687,-3873,-26372
1688,-2371,-27729
1689,-7227,-29303
1690,-7379,-27219
1691,-4374,-27660
1692,-12327,-26584
1693,-18376,-18951
1694,-16983,-14039
1695,-22791,-8672
1696,-28580,3962
1697,-23247,12580
1698,-15909,15830
1699,-13690,20276
1700,-12760,20765
1701,-7297,20895
1702,-2832,25418
1703,-6798,25996
1704,-6319,24545
1705,3626,25870
1706,7080,24695
1707,6524,22554
1708,13832,19898
1709,22205,11457
1710,24944,2037
1711,24528,-4496
1712,23631,-11629
1713,21427,-18354
1714,14102,-23100
1715,6609,-24949
1716,5115,-23148
1717,3157,-23767
1718,-1631,-27769
1719,-7259,-26171
1720,-16900,-17767
1721,-24687,-6867
1722,-23952,6306
1723,-18445,17904
1724,-9070,23150
1725,1547,24441
1726,10006,23888
1727,20361,18057
1728,27641,7942
1729,27026,3105
1730,26967,2015
1731,24480,-7673
1732,14654,-18402
1733,7290,-20706
1734,-961,-25466
1735,-17475,-24436
1736,-28360,-6311
1737,-26306,4726
1738,-22119,5256
1739,-19918,15622
1740,-15441,22920
1741,-9990,20484
1742,-7896,23463
1743,-4883,24743
1744,3095,22384
1745,9363,25956
1746,14846,22853
1747,23606,7650
1748,23681,-8341
1749,14649,-21522
1750,10164,-27410
1751,3469,-26775
1752,-10628,-25690
1753,-19069,-18164
1754,-21758,-7421
1755,-24338,-2618
1756,-23758,4901
1757,-22484,14379
1758,-17760,17475
1759,-3108,22547
1760,11564,24637
1761,19399,11253
1762,22672,-4119
1763,17186,-13982
1764,7091,-24395
1765,-2147,-25492
1766,-16791,-15946
1767,-27850,-8176
1768,-24712,1530
1769,-19231,14681
1770,-13728,23755
1771,-1994,30436
1772,10588,26968
1773,21628,5084
1774,22159,-15946
1775,3446,-21898
1776,-15786,-19180
1777,-23290,-7387
1778,-24939,11204
1779,-14639,23433
1780,5680,25107
1781,20951,17845
1782,27393,2506
1783,21655,-15415
1784,3765,-27324
1785,-13613,-22107
1786,-21552,550
1787,-13294,20221
1788,9826,20839
1789,25598,4157
1790,18002,-18462
1791,-4997,-27089
1792,-24363,-12337
1793,-25064,10813
1794,-11646,24928
1795,3996,23480
1796,19976,8709
1797,24619,-11003
1798,4442,-24693
1799,-20023,-16812
1800,-19173,11795
1801,2623,27989
1802,21074,12705
1803,19877,-12317
1804,-644,-23281
1805,-21766,-14997
1806,-24824,5489
1807,-11399,22203
1808,8303,23698
1809,24604,11240
1810,24253,-8646
1811,5703,-24969
1812,-14997,-20998
1813,-22486,4335
1814,-10019,22940
1815,13254,15609
1816,23459,-3714
1817,12069,-19490
1818,-6942,-23488
1819,-20522,-7661
1820,-21848,15492
1821,-8398,24815
1822,13056,18990
1823,26512,2900
1824,17178,-17792
1825,-8474,-23467
1826,-25212,-3208
1827,-15936,20236
1828,12993,19427
1829,30452,-2345
1830,14282,-22654
1831,-11630,-22863
1832,-20394,-2166
1833,-17672,18167
1834,-4544,22979
1835,17178,14699
1836,24709,-5677
1837,10425,-25044
1838,-12058,-20793
1839,-24037,2348
1840,-7141,20488
1841,21608,14991
1842,23078,-10921
1843,-1451,-23363
1844,-22226,-6191
1845,-21609,16051
1846,45,24853
1847,21771,15925
1848,23238,-7244
1849,5930,-23313
1850,-17666,-17726
1851,-24304,4672
1852,653,21904
1853,27331,5886
1854,18354,-23295
1855,-13172,-18552
1856,-23756,10089
1857,16,23817
1858,23155,12003
1859,14947,-14412
1860,-8653,-26023
1861,-20776,-5968
1862,-11182,20106
1863,16321,21099
1864,26910,-6629
1865,-2958,-29005
1866,-28619,-7517
1867,-10816,26161
1868,18604,16008
1869,20798,-16349
1870,-3065,-21701
1871,-25974,-1293
1872,-18917,19572
1873,9089,23580
1874,22146,6297
1875,12557,-20163
1876,-6795,-30392
1877,-22546,-7239
1878,-12239,22103
1879,20100,15783
1880,29012,-12378
1881,289,-23191
1882,-25076,-10839
1883,-21703,13182
1884,-1977,28269
1885,18694,15234
1886,23721,-9413
1887,5940,-22697
1888,-14681,-24348
1889,-23360,-10183
1890,-17014,14709
1891,9416,21933
1892,29516,2955
1893,11698,-20355
1894,-19279,-24410
1895,-28784,-2429
1896,-18074,24395
1897,4117,28627
1898,23683,9959
1899,22663,-13484
1900,4651,-26020
1901,-14310,-22473
1902,-24061,-8400
1903,-20289,9921
1904,-3000,21735
1905,18055,10665
1906,20329,-15763
1907,-2243,-27282
1908,-23417,-14635
1909,-25286,6741
1910,-12466,24183
1911,8035,26762
1912,22430,8791
1913,20432,-13953
1914,8492,-25744
1915,-9070,-26560
1916,-24948,-10547
1917,-19739,17958
1918,6570,25177
1919,24558,-220
1920,11599,-24512
1921,-17238,-22306
1922,-27537,-605
1923,-12355,20198
1924,9083,21879
1925,22477,3731
1926,18615,-17491
1927,-1158,-26382
1928,-18889,-16973
1929,-21376,6357
1930,-5426,25374
1931,18776,19733
1932,23418,-6169
1933,1485,-22361
1934,-20312,-11296
1935,-21552,12392
1936,-2603,25242
1937,19641,16781
1938,22612,-6589
1939,7305,-25875
1940,-9959,-25757
1941,-22835,-6669
1942,-20433,18298
1943,4935,27356
1944,26006,7157
1945,14232,-20665
1946,-13003,-20327
1947,-23439,6650
1948,-12121,27039
1949,8498,21787
1950,21286,-2192
1951,11346,-24841
1952,-12065,-26495
1953,-24875,-8027
1954,-22857,10431
1955,-11242,19327
1956,11805,19711
1957,27502,2634
1958,10629,-23414
1959,-18296,-23103
1960,-24498,4012
1961,-11036,22939
1962,7931,23564
1963,24277,10521
1964,23562,-13109
1965,5007,-28339
1966,-14299,-24167
1967,-23999,-8414
1968,-22869,11945
1969,-9295,25064
1970,13562,19621
1971,24956,-1086
1972,8567,-21444
1973,-15073,-22691
1974,-25271,-7277
1975,-27136,8526
1976,-15907,20932
1977,6679,23757
1978,17841,15047
1979,20692,6954
1980,25817,-3568
1981,19756,-18124
1982,2016,-23228
1983,-15675,-18446
1984,-25144,-3019
1985,-14736,19505
1986,5621,25329
1987,17644,13748
1988,25258,668
1989,21706,-14896
1990,-173,-24337
1991,-17605,-18699
1992,-22476,-8672
1993,-25195,4142
1994,-18160,20280
1995,2457,25299
1996,21909,11265
1997,22973,-12556
1998,1432,-24896
1999,-21132,-11988
2000,-23554,12946
2001,-7775,27362
2002,15396,19410
2003,24849,-6601
2004,7965,-25963
2005,-14417,-20632
2006,-24650,-1733
2007,-20182,17235
2008,4410,27666
2009,27530,12166
2010,15379,-19340
2011,-15437,-23046
2012,-22685,6924
2013,-857,27934
2014,22541,15437
2015,21748,-14138
2016,-2005,-26735
2017,-21600,-8766
2018,-18692,15463
2019,1262,23952
2020,23641,13244
2021,24440,-14010
2022,-6021,-27078
2023,-27975,-1710
2024,-8814,23914
2025,18354,11658
2026,14991,-16660
2027,-9600,-22903
2028,-25470,956
2029,-13019,25890
2030,15594,20358
2031,26711,-5382
2032,11917,-23046
2033,-10127,-23742
2034,-23482,-6960
2035,-16823,17684
2036,8784,24321
2037,25446,4034
2038,10291,-20667
2039,-16942,-25478
2040,-26586,-6392
2041,-18555,20030
2042,782,29632
2043,23432,15163
2044,26564,-7560
2045,10694,-22647
2046,-2346,-26464
2047,-14851,-17469
2048,-25539,4234
2049,-13341,24146
2050,12752,22369
2051,23239,1205
2052,14700,-19243
2053,-1487,-27288
2054,-18704,-20120
2055,-27881,-1279
2056,-21612,15877
2057,-5412,24244
2058,9441,26173
2059,18323,21345
2060,21918,9849
2061,19689,-7791
2062,9783,-25138
2063,-7017,-25567
2064,-23063,-8900
2065,-25023,9091
2066,-9667,23264
2067,7403,28142
2068,16575,18785
2069,23917,6847
2070,26278,-1745
2071,20356,-12091
2072,14911,-21021
2073,4454,-24739
2074,-14608,-23093
2075,-24150,-14131
2076,-22609,365
2077,-18219,15810
2078,-1906,25248
2079,19910,21063
2080,27528,6946
2081,23193,-7688
2082,15669,-19460
2083,5711,-25701
2084,-4045,-25402
2085,-12015,-21776
2086,-19975,-13393
2087,-25814,1942
2088,-21874,18706
2089,-6280,28928
2090,11204,24815
2091,22524,5744
2092,23755,-12906
2093,11211,-19678
2094,-7076,-20071
2095,-18303,-15932
2096,-22140,-3977
2097,-22328,9834
2098,-17906,19166
2099,-6482,23515
2100,10944,20496
2101,23800,6855
2102,21563,-12998
2103,6448,-25630
2104,-13526,-21524
2105,-27089,-4525
2106,-23634,13819
2107,-9568,22824
2108,3156,21804
2109,15965,17043
2110,26711,9728
2111,26596,220
2112,19772,-10640
2113,11203,-22702
2114,-3252,-26841
2115,-18729,-18740
2116,-25092,-6243
2117,-20297,10469
2118,-5732,25869
2119,12435,22533
2120,24117,5319
2121,26056,-6774
2122,21582,-13879
2123,13755,-22348
2124,1528,-26591
2125,-14187,-20676
2126,-23820,-7277
2127,-22777,8332
2128,-16147,20010
2129,-4443,22383
2130,11612,18835
2131,24200,11678
2132,27527,-3557
2133,21771,-18505
2134,13080,-22255
2135,6546,-22779
2136,-176,-25814
2137,-7780,-25419
2138,-14563,-20532
2139,-19882,-14076
2140,-21975,-6425
2141,-22950,5659
2142,-20708,20035
2143,-8061,25268
2144,7771,22439
2145,18703,18731
2146,26792,6609
2147,26906,-8996
2148,20676,-12729
2149,17656,-15139
2150,11362,-24799
2151,-133,-27573
2152,-8430,-21988
2153,-18455,-15073
2154,-27814,-2130
2155,-22098,13965
2156,-6906,22481
2157,5881,22702
2158,18954,15292
2159,27933,-792
2160,21923,-16212
2161,9846,-22161
2162,2835,-24159
2163,-8202,-25237
2164,-21562,-18998
2165,-23450,-7687
2166,-23054,3319
2167,-23042,15891
2168,-5461,24568
2169,17826,21651
2170,24693,10135
2171,22392,-7368
2172,13912,-23992
2173,-2087,-26676
2174,-12141,-19893
2175,-16582,-13299
2176,-22015,-1178
2177,-20915,13336
2178,-13786,20421
2179,-4001,24856
2180,12601,22288
2181,25906,3597
2182,22005,-15572
2183,6161,-24247
2184,-10459,-24944
2185,-22808,-10451
2186,-26847,8380
2187,-18604,14883
2188,-3048,22562
2189,7670,27767
2190,14627,14593
2191,24217,2826
2192,24994,-3461
2193,10185,-20113
2194,-8157,-26515
2195,-21919,-8369
2196,-23803,14452
2197,-8427,27476
2198,9726,25653
2199,19658,13754
2200,25724,540
2201,22609,-15962
2202,7760,-27319
2203,-3996,-25609
2204,-9661,-22736
2205,-19006,-17683
2206,-24598,-1496
2207,-14459,16610
2208,2841,24696
2209,16249,17205
2210,24077,-98
2211,21619,-14492
2212,10518,-23898
2213,-2041,-24081
2214,-17994,-13046
2215,-29325,-3057
2216,-24054,8052
2217,-13379,23024
2218,-3037,25948
2219,13931,17661
2220,24835,3492
2221,17353,-18479
2222,-631,-26358
2223,-18496,-10616
2224,-25920,6081
2225,-18268,17183
2226,-1681,24782
2227,15969,21802
2228,25417,10684
2229,24152,-3092
2230,18294,-16206
2231,6904,-25107
2232,-9810,-25939
2233,-21717,-9111
2234,-19400,17001
2235,-684,25304
2236,19812,11284
2237,22344,-10597
2238,8617,-26452
2239,-9098,-25623
2240,-21356,-13252
2241,-21973,1054
2242,-17381,15567
2243,-11432,24553
2244,1619,24661
2245,15244,19572
2246,22874,10757
2247,25542,-2852
2248,14509,-19700
2249,-7157,-26159
2250,-20606,-11794
2251,-22487,8959
2252,-14203,20621
2253,3605,22004
2254,18009,13861
2255,23831,-78
2256,20473,-15416
2257,1505,-24968
2258,-19565,-16718
2259,-23502,6041
2260,-10252,23502
2261,13020,18058
2262,25782,-7310
2263,11986,-25225
2264,-9061,-23761
2265,-20608,-17180
2266,-26260,-8528
2267,-25051,1193
2268,-23058,3547
2269,-26016,5892
2270,-22032,14112
2271,-12648,20305
2272,-10905,23576
2273,-8069,25567
2274,6308,22301
2275,20606,12868
2276,24298,279
2277,20069,-12952
2278,7818,-23623
2279,-10074,-23462
2280,-21335,-8727
2281,-22151,10772
2282,-12022,24214
2283,11155,21409
2284,23818,-4138
2285,3688,-29933
2286,-22684,-22316
2287,-19320,9848
2288,8080,21701
2289,25178,-2696
2290,10046,-27209
2291,-18114,-20807
2292,-27168,1827
2293,-18948,16698
2294,-10636,21973
2295,-1591,24677
2296,11484,24880
2297,21601,16149
2298,25744,2520
2299,26655,-3130
2300,24021,-5597
2301,20182,-15363
2302,17578,-23141
2303,12237,-21949
2304,7764,-21616
2305,6954,-25621
2306,211,-27327
2307,-6647,-26250
2308,-4932,-25032
2309,-9751,-22306
2310,-20834,-17409
2311,-22837,-7095
2312,-20295,11913
2313,-9577,25871
2314,14570,18205
2315,25493,-3453
2316,11694,-21268
2317,-4686,-25316
2318,-15122,-12598
2319,-21396,7919
2320,-15462,22456
2321,2097,26508
2322,17028,20983
2323,22623,10449
2324,24549,-575
2325,21160,-14313
2326,6984,-25802
2327,-8165,-24431
2328,-16369,-17715
2329,-20770,-18064
2330,-20658,-19775
2331,-19894,-17041
2332,-22166,-16484
2333,-20690,-20593
2334,-16997,-23642
2335,-13458,-23838
2336,-6093,-25156
2337,-3565,-28181
2338,-9820,-27651
2339,-15999,-20902
2340,-22352,-11126
2341,-26839,-1823
2342,-22788,6737
2343,-14504,16823
2344,-3271,25729
2345,13573,23047
2346,26116,7099
2347,22718,-9422
2348,7879,-18960
2349,-6010,-23046
2350,-18302,-17102
2351,-27475,2718
2352,-15413,21417
2353,15643,20739
2354,31560,5572
2355,22932,-8670
2356,13320,-17934
2357,7825,-23212
2358,-3445,-24161
2359,-11408,-23031
2360,-9988,-22919
2361,-11275,-24417
2362,-12325,-24774
2363,-4601,-23783
2364,-2080,-25831
2365,-10388,-27553
2366,-15415,-22962
2367,-14277,-18524
2368,-13778,-18886
2369,-16078,-19095
2370,-17839,-19429
2371,-15345,-20665
2372,-15655,-19358
2373,-22531,-18510
2374,-23556,-19267
2375,-17513,-16897
2376,-17546,-14445
2377,-22548,-11530
2378,-23471,703
2379,-19854,15189
2380,-13433,21114
2381,-7784,25331
2382,-6014,27930
2383,-1489,24403
2384,5938,25418
2385,5350,29381
2386,1206,26265
2387,-608,25685
2388,-11157,25552
2389,-24720,11285
2390,-25797,-4540
2391,-23184,-10579
2392,-21873,-18569
2393,-11022,-28141
2394,7935,-26747
2395,23703,-11471
2396,23410,10215
2397,3115,23738
2398,-18529,18519
2399,-23382,-3985
2400,-8079,-24435
2401,17304,-13969
2402,21526,16470
2403,-4679,24524
2404,-24890,11426
2405,-24684,1337
2406,-20471,-11783
2407,-6958,-25523
2408,16818,-20578
2409,26737,-999
2410,17934,17974
2411,5646,27902
2412,-5656,26408
2413,-17027,17715
2414,-22647,621
2415,-15193,-20134
2416,801,-27482
2417,10564,-23825
2418,10611,-21519
2419,12427,-17602
2420,21374,-7731
2421,24651,9564
2422,9767,25502
2423,-11664,23716
2424,-23428,9629
2425,-22401,-8395
2426,-858,-23430
2427,26826,-7625
2428,17603,24717
2429,-17572,20828
2430,-27033,-6247
2431,-13335,-17924
2432,433,-20717
2433,17746,-13474
2434,25554,8807
2435,9206,23059
2436,-11164,23243
2437,-18067,21190
2438,-16732,18361
2439,-16533,17261
2440,-21539,15032
2441,-25607,8229
2442,-22445,11650
2443,-12624,25905
2444,5447,26252
2445,22538,7238
2446,19216,-13369
2447,1781,-24577
2448,-8496,-24739
2449,-14234,-16889
2450,-22861,-4942
2451,-23931,10970
2452,-15749,23357
2453,-12564,22587
2454,-18007,16394
2455,-23774,14138
2456,-25411,14240
2457,-22233,17638
2458,-16581,21187
2459,-15476,18770
2460,-20907,13663
2461,-25608,3002
2462,-23015,-13229
2463,-16046,-19246
2464,-13206,-19277
2465,-11408,-26160
2466,665,-26441
2467,16303,-18083
2468,22718,-15341
2469,24421,-13543
2470,23074,-13596
2471,13711,-23673
2472,2577,-29918
2473,-5074,-24978
2474,-9936,-21757
2475,-13544,-21932
2476,-21170,-14388
2477,-25595,2895
2478,-16775,16751
2479,-9186,20264
2480,-9955,24271
2481,-4337,29403
2482,5846,26382
2483,12164,20939
2484,19752,14521
2485,24734,-191
2486,22741,-11318
2487,24055,-6091
2488,27989,3775
2489,25683,6110
2490,23503,6669
2491,24892,12567
2492,19117,20304
2493,5360,25310
2494,-5518,27177
2495,-10894,25178
2496,-14307,22275
2497,-13968,23295
2498,-7392,25750
2499,-334,26726
2500,-623,27589
2501,-4256,28445
2502,-367,28940
2503,10618,26549
2504,19706,20084
2505,24058,14899
2506,25506,9484
2507,24850,-2031
2508,20828,-15185
2509,7900,-23763
2510,-13135,-19337
2511,-24065,3910
2512,-11126,25262
2513,12187,22542
2514,24234,3793
2515,17619,-15983
2516,-3734,-24252
2517,-23386,-10170
2518,-22242,14089
2519,-5584,26385
2520,11123,20140
2521,22368,-1316
2522,13351,-23266
2523,-15303,-21961
2524,-23183,4293
2525,1392,25003
2526,22604,14627
2527,20633,-12641
2528,-1835,-22563
2529,-25075,-6116
2530,-17344,16522
2531,12183,22208
2532,25406,1486
2533,10001,-24660
2534,-17779,-15729
2535,-17508,20181
2536,17190,20658
2537,21016,-17070
2538,-16317,-19762
2539,-19131,17717
2540,15931,20630
2541,20724,-15504
2542,-8874,-23302
2543,-22420,7970
2544,-531,27471
2545,26169,8075
2546,17254,-23326
2547,-16559,-21040
2548,-20325,11728
2549,11865,18605
2550,20534,-11249
2551,-9970,-20177
2552,-24562,9244
2553,-763,28228
2554,23409,11612
2555,17886,-15823
2556,-8162,-24535
2557,-24735,-8253
2558,-19179,14507
2559,-5835,25894
2560,8748,25713
2561,23117,12043
2562,21425,-12732
2563,132,-23876
2564,-20961,-9709
2565,-23274,10203
2566,-7169,22590
2567,12031,24213
2568,23775,6493
2569,20912,-19005
2570,-47,-26011
2571,-20516,-13577
2572,-22005,7988
2573,-4131,28389
2574,21020,18753
2575,17773,-16470
2576,-16958,-18264
2577,-21441,17946
2578,14188,25151
2579,26238,-8586
2580,-598,-25597
2581,-22976,-2114
2582,-11241,24360
2583,18378,17691
2584,25002,-10134
2585,5833,-26757
2586,-12480,-22346
2587,-22618,-1873
2588,-15127,20445
2589,12388,20387
2590,27072,-2273
2591,12196,-21283
2592,-10128,-22576
2593,-21304,-9141
2594,-20173,11519
2595,-7152,25437
2596,14625,20193
2597,26500,1343
2598,18938,-15471
2599,6365,-25300
2600,-9309,-22477
2601,-21229,2026
2602,-2298,23347
2603,25691,7528
2604,15627,-22391
2605,-15265,-20139
2606,-20577,11133
2607,5308,27301
2608,26299,4562
2609,11367,-23618
2610,-17826,-15282
2611,-23837,14020
2612,-5496,25955
2613,18988,13362
2614,23353,-10120
2615,-2539,-22492
2616,-24747,-8384
2617,-18595,16809
2618,253,27547
2619,15977,21550
2620,24671,12327
2621,27612,5466
2622,27092,-3097
2623,22894,-10871
2624,22788,-11590
2625,28000,-10016
2626,26407,-12822
2627,20961,-18237
2628,17458,-23018
2629,8972,-25805
2630,-761,-26421
2631,-7408,-24437
2632,-16664,-18833
2633,-23617,-12859
2634,-24655,-9197
2635,-27233,-3934
2636,-29863,3107
2637,-28656,6507
2638,-27537,7205
2639,-26406,9781
2640,-23830,12929
2641,-20811,14755
2642,-13943,18921
2643,-5373,25930
2644,-4272,28679
2645,-7163,26036
2646,-7073,25258
2647,-10664,25229
2648,-18259,18624
2649,-20851,6755
2650,-20639,-5724
2651,-17613,-17093
2652,-4827,-23761
2653,10180,-23273
2654,18829,-18245
2655,25107,-11745
2656,28239,-2355
2657,24242,11444
2658,13080,22043
2659,-4595,22395
2660,-20008,16436
2661,-25242,4764
2662,-23871,-12483
2663,-12577,-22426
2664,10975,-19050
2665,27374,-9547
2666,26702,2545
2667,24224,13471
2668,23439,19085
2669,17060,21814
2670,11345,23582
2671,5959,25065
2672,-7754,24342
2673,-19841,17439
2674,-21640,10000
2675,-22173,3996
2676,-21467,-8787
2677,-13500,-20776
2678,-2247,-22177
2679,10617,-22827
2680,23148,-22256
2681,27880,-11145
2682,26780,-743
2683,26400,2751
2684,23908,11694
2685,14383,24189
2686,120,28472
2687,-12427,25514
2688,-21040,16989
2689,-24715,469
2690,-17965,-16538
2691,-2783,-23641
2692,12004,-22356
2693,23262,-16210
2694,26902,-3681
2695,23449,9457
2696,21798,17774
2697,15277,25129
2698,-3710,25968
2699,-19611,13098
2700,-23428,-4444
2701,-16649,-19454
2702,5002,-25257
2703,24802,-10264
2704,18563,13994
2705,-1442,25052
2706,-14412,21270
2707,-21279,6500
2708,-21770,-15194
2709,-9665,-28315
2710,11238,-23397
2711,26395,-5846
2712,21158,15163
2713,-2462,25645
2714,-22590,11986
2715,-17341,-14733
2716,9688,-20638
2717,25175,4454
2718,7886,26934
2719,-18460,17735
2720,-22563,-8846
2721,-3066,-22459
2722,21194,-12429
2723,24665,11252
2724,-878,24251
2725,-24959,6124
2726,-14785,-23308
2727,17003,-21631
2728,27483,9079
2729,2395,25157
2730,-22335,8201
2731,-15727,-17115
2732,7595,-23000
2733,23389,-8777
2734,25211,9125
2735,14135,20619
2736,-3094,24377
2737,-17172,19189
2738,-23283,4627
2739,-21268,-12385
2740,-12810,-22043
2741,2332,-24016
2742,17883,-19516
2743,24343,-6210
2744,25548,7292
2745,23345,15380
2746,15298,24551
2747,11901,28437
2748,12017,23618
2749,4049,25015
2750,-4616,29070
2751,-11567,22194
2752,-21838,12544
2753,-24760,4747
2754,-21229,-8506
2755,-20232,-22128
2756,-11637,-27002
2757,3993,-25380
2758,12614,-22865
2759,17123,-20277
2760,20849,-18304
2761,19789,-19086
2762,19321,-18358
2763,22033,-13330
2764,23084,-10842
2765,24128,-10598
2766,26262,-6612
2767,25793,-3706
2768,24859,-4913
2769,26154,-3557
2770,26134,1713
2771,25138,3897
2772,27240,-1200
2773,28673,-7723
2774,24180,-10658
2775,18153,-15820
2776,15562,-22393
2777,13365,-22704
2778,10069,-23303
2779,10959,-26698
2780,16711,-22227
2781,20425,-17341
2782,21916,-21383
2783,25996,-18923
2784,27771,-7966
2785,24702,-6156
2786,25172,-10758
2787,27517,-11624
2788,24535,-11757
2789,22548,-12369
2790,25156,-12197
2791,25327,-8247
2792,22384,2550
2793,20234,12193
2794,17117,18404
2795,8918,26710
2796,-3215,28819
2797,-13488,22144
2798,-20353,16592
2799,-24930,10385
2800,-26073,2097
2801,-24903,-3969
2802,-22431,-10500
2803,-19269,-16003
2804,-16836,-18689
2805,-8090,-22298
2806,9267,-22425
2807,20837,-16728
2808,23355,-10375
2809,26600,-2816
2810,27003,6270
2811,21647,13798
2812,19683,18052
2813,20345,19337
2814,16824,22690
2815,13189,26823
2816,13737,25046
2817,15060,22801
2818,12559,23937
2819,5388,23850
2820,-833,26099
2821,-2926,30524
2822,-5411,29235
2823,-7648,25945
2824,-6284,26366
2825,-3539,27326
2826,1786,28124
2827,9490,28019
2828,14671,21816
2829,20179,10856
2830,26714,1629
2831,28453,-5462
2832,26963,-12080
2833,22468,-17167
2834,13130,-21122
2835,4807,-23752
2836,-4002,-23996
2837,-18239,-20271
2838,-28668,-8213
2839,-27464,7961
2840,-17095,19349
2841,-518,26027
2842,16122,20472
2843,24559,-1157
2844,22560,-16174
2845,14888,-17192
2846,7997,-20832
2847,334,-24737
2848,-11958,-21144
2849,-22184,-12604
2850,-24517,1006
2851,-20428,14639
2852,-8651,24750
2853,7288,30284
2854,18222,21877
2855,24209,5513
2856,26378,-5537
2857,21795,-15407
2858,16430,-21973
2859,15484,-21697
2860,14240,-24164
2861,12166,-27042
2862,10966,-25643
2863,6882,-25710
2864,896,-25452
2865,-2702,-23859
2866,-6387,-23268
2867,-13154,-20765
2868,-19552,-18594
2869,-21313,-16954
2870,-20660,-13113
2871,-21521,-13726
2872,-20711,-17780
2873,-16286,-18148
2874,-12896,-20119
2875,-10464,-24646
2876,-7633,-24846
2877,-6679,-23388
2878,-3904,-23839
2879,2134,-23145
2880,5330,-22074
2881,6551,-24187
2882,9855,-24766
2883,15893,-17428
2884,24456,-7723
2885,27813,1441
2886,20033,15868
2887,6016,25780
2888,-10164,20263
2889,-21908,11512
2890,-23939,4641
2891,-22927,-8517
2892,-19007,-20844
2893,-9902,-24283
2894,-2902,-23870
2895,6637,-20922
2896,20468,-13416
2897,23776,-2666
2898,19976,9778
2899,15886,20626
2900,302,24079
2901,-18731,16706
2902,-24790,5248
2903,-25192,-1407
2904,-24247,-9122
2905,-18414,-20808
2906,-14149,-24101
2907,-12599,-20527
2908,-8344,-21921
2909,-2821,-24137
2910,1238,-23359
2911,1982,-24460
2912,703,-25981
2913,5379,-26186
2914,15224,-25904
2915,19219,-23571
2916,17449,-21221
2917,17260,-20204
2918,17892,-18369
2919,17257,-18263
2920,15019,-20784
2921,11366,-21239
2922,12334,-19160
2923,18748,-16283
2924,22516,-11780
2925,23421,-5965
2926,24433,721
2927,23722,7376
2928,22429,11746
2929,20136,15147
2930,17119,17794
2931,19032,16182
2932,22042,12847
2933,21089,10413
2934,22735,6144
2935,25720,3170
2936,24710,3131
2937,25216,1181
2938,25919,-271
2939,22532,1177
2940,23645,3593
2941,28886,8276
2942,27265,10067
2943,22720,6235
2944,23240,4158
2945,26113,816
2946,27727,-5006
2947,26058,-4860
2948,23929,-4187
2949,26703,-4715
2950,28897,3083
2951,25140,13281
2952,18604,19326
2953,10625,24195
2954,4147,26742
2955,-1222,27999
2956,-9824,26617
2957,-14512,21188
2958,-15362,19049
2959,-20639,16510
2960,-21569,10061
2961,-20188,9847
2962,-28017,10003
2963,-30294,1751
2964,-23037,-6744
2965,-21189,-15783
2966,-17755,-24593
2967,-9584,-23509
2968,-6359,-21320
2969,-2391,-26440
2970,2695,-27490
2971,1863,-23759
2972,209,-24891
2973,-846,-25921
2974,-3773,-22526
2975,-4685,-23437
2976,527,-27343
2977,11872,-23121
2978,18709,-14787
2979,16402,-11702
2980,19171,-10504
2981,26511,-8068
2982,25864,-6524
2983,24452,-4533
2984,27550,-2080
2985,27071,-2599
2986,24224,-5903
2987,23059,-9496
2988,20541,-13569
2989,17916,-17378
2990,21491,-16445
2991,27550,-11270
2992,24364,-9491
2993,16920,-13347
2994,16830,-17494
2995,14653,-19452
2996,3685,-22233
2997,-5375,-26805
2998,-10634,-27877
2999,-16847,-21883
3000,-23094,-10792
3001,-27019,2439
3002,-26415,10396
3003,-26175,8777
3004,-29352,7294
3005,-26969,10973
3006,-20073,15118
3007,-15960,21290
3008,-10320,26770
3009,-3944,25679
3010,1894,24854
3011,13116,25463
3012,22309,19065
3013,24378,8137
3014,26054,-2212
3015,22000,-11137
3016,14929,-15565
3017,19454,-16838
3018,23177,-19487
3019,12931,-23493
3020,4453,-26457
3021,2567,-27079
3022,-4516,-25933
3023,-15003,-21914
3024,-22101,-15244
3025,-26068,-8712
3026,-26635,2449
3027,-21532,17354
3028,-12628,23520
3029,-8982,24034
3030,-13963,26881
3031,-15945,26791
3032,-8141,26816
3033,450,30233
3034,4862,28720
3035,11431,24479
3036,20503,22064
3037,23672,16544
3038,22474,9379
3039,25748,2813
3040,27834,-7078
3041,21848,-16406
3042,19832,-17244
3043,25732,-13981
3044,24407,-15069
3045,16715,-16347
3046,17155,-14978
3047,21374,-18066
3048,18778,-21851
3049,14228,-20795
3050,11684,-22420
3051,5272,-25670
3052,-3761,-25197
3053,-8175,-25412
3054,-9495,-25107
3055,-9490,-22687
3056,-4473,-21962
3057,980,-21331
3058,2211,-22759
3059,4966,-27083
3060,8079,-27172
3061,7265,-25841
3062,8253,-25785
3063,9512,-22613
3064,5556,-23041
3065,1847,-26762
3066,-2769,-23210
3067,-11059,-20585
3068,-11730,-24750
3069,-5281,-25151
3070,-2981,-24044
3071,-578,-26100
3072,2937,-25097
3073,-701,-24124
3074,-6973,-25374
3075,-11210,-22400
3076,-16119,-19822
3077,-19521,-20238
3078,-22431,-14810
3079,-26435,-6363
3080,-26809,-2430
3081,-25410,-330
3082,-24949,-828
3083,-22854,-5284
3084,-22420,-7250
3085,-24979,-7458
3086,-25418,-10729
3087,-23368,-11316
3088,-20638,-8780
3089,-16724,-13117
3090,-12664,-19718
3091,-13782,-17994
3092,-19958,-16367
3093,-17488,-21919
3094,-4416,-25763
3095,5639,-24021
3096,15506,-17471
3097,26004,-3333
3098,23978,12202
3099,18669,19575
3100,18635,22265
3101,8698,25294
3102,-7077,23368
3103,-14458,16895
3104,-19109,15428
3105,-22672,14875
3106,-23350,6205
3107,-25329,-3420
3108,-20937,-12163
3109,-4124,-23551
3110,14463,-22717
3111,24366,-7357
3112,24458,2697
3113,21465,9456
3114,17516,22092
3115,5015,28209
3116,-10462,25263
3117,-17398,23774
3118,-22081,19644
3119,-27060,7808
3120,-24178,-5266
3121,-15172,-15908
3122,-1850,-22091
3123,15443,-17722
3124,25510,-2842
3125,24367,13553
3126,18506,23851
3127,5980,27291
3128,-11886,24473
3129,-22564,14301
3130,-24358,2087
3131,-24794,-4751
3132,-21121,-11117
3133,-9933,-20769
3134,3913,-22912
3135,18039,-12016
3136,25506,4413
3137,15205,18710
3138,-2936,25803
3139,-12614,24208
3140,-19472,15180
3141,-26269,865
3142,-22767,-11146
3143,-13803,-16767
3144,-7657,-21573
3145,2612,-24278
3146,16753,-17630
3147,24096,-4776
3148,21968,8527
3149,11359,21217
3150,-5862,26026
3151,-21760,16654
3152,-28156,1388
3153,-21980,-11959
3154,-8058,-23146
3155,6375,-25510
3156,19514,-15723
3157,26204,-3490
3158,23594,7121
3159,17740,19694
3160,2942,28808
3161,-19468,20749
3162,-22452,-6039
3163,-3975,-26828
3164,12024,-21531
3165,22756,-4179
3166,26458,10968
3167,14348,25185
3168,-2222,29116
3169,-14033,19377
3170,-24298,9789
3171,-27149,943
3172,-20796,-11938
3173,-12370,-21209
3174,1505,-21554
3175,20693,-10064
3176,27993,9781
3177,17473,21819
3178,3296,24423
3179,-8293,25224
3180,-19557,16043
3181,-26011,-1155
3182,-23258,-12543
3183,-12315,-20186
3184,-1120,-25229
3185,5109,-24174
3186,16009,-17972
3187,25311,1595
3188,11076,25986
3189,-13031,25983
3190,-22951,6405
3191,-22831,-8830
3192,-13102,-18345
3193,5550,-21251
3194,18738,-12411
3195,24178,1605
3196,21132,13280
3197,7984,21208
3198,-2865,26193
3199,-12876,22143
3200,-25972,2502
3201,-20324,-17953
3202,4883,-21999
3203,20482,-14273
3204,22971,-3801
3205,26422,6119
3206,25460,15613
3207,12286,24656
3208,-4715,26744
3209,-15872,22125
3210,-19175,18324
3211,-18683,16326
3212,-22682,14999
3213,-27471,6160
3214,-19763,-13960
3215,-5577,-25231
3216,2239,-22095
3217,7687,-21641
3218,12657,-21086
3219,15375,-16086
3220,20055,-15428
3221,23363,-13729
3222,23232,-8263
3223,23168,-8995
3224,17667,-14720
3225,9820,-20224
3226,11935,-22008
3227,19306,-14960
3228,22868,-8292
3229,21792,-13049
3230,15751,-19724
3231,8086,-20348
3232,-175,-21000
3233,-10784,-20876
3234,-18611,-16517
3235,-22628,-12996
3236,-24917,-4723
3237,-19243,15661
3238,-4167,29230
3239,10355,24631
3240,15552,22243
3241,15106,26141
3242,18718,18922
3243,22607,4028
3244,19200,-8212
3245,11503,-19882
3246,-227,-26566
3247,-13189,-23178
3248,-20096,-14375
3249,-23183,619
3250,-17952,20383
3251,133,29400
3252,14781,23482
3253,19908,17620
3254,24746,15229
3255,27636,5810
3256,26239,-9429
3257,18255,-20864
3258,704,-25115
3259,-14105,-21199
3260,-20232,-11287
3261,-26725,-810
3262,-26653,11981
3263,-8807,24653
3264,13616,21713
3265,23641,4586
3266,24098,-5815
3267,22657,-7584
3268,18196,-13012
3269,8656,-20770
3270,-6027,-22358
3271,-20924,-13056
3272,-25340,2216
3273,-20013,13434
3274,-12392,23331
3275,879,31108
3276,17888,22757
3277,25936,3020
3278,21253,-13706
3279,11091,-24716
3280,3629,-25407
3281,-2250,-20799
3282,-12803,-19592
3283,-22882,-10383
3284,-24040,5909
3285,-17867,15947
3286,-8947,24869
3287,1373,29036
3288,13892,20052
3289,23519,8038
3290,22135,-7132
3291,13385,-24486
3292,4318,-28144
3293,-2598,-24802
3294,-5515,-25557
3295,-11385,-21289
3296,-22987,-12941
3297,-27761,-4916
3298,-24127,6706
3299,-19508,15662
3300,-11253,20713
3301,-120,28894
3302,9610,30398
3303,19279,17251
3304,25063,1917
3305,23631,-5947
3306,22788,-8347
3307,24964,-10106
3308,20295,-14887
3309,8010,-20317
3310,-772,-23401
3311,-7121,-23294
3312,-19279,-15214
3313,-28946,-1063
3314,-24995,11929
3315,-11308,24389
3316,5119,28483
3317,18232,15556
3318,22931,2249
3319,24000,-1878
3320,24169,-8637
3321,16741,-17244
3322,4159,-22559
3323,-7017,-23878
3324,-18633,-13762
3325,-25929,2259
3326,-22634,13858
3327,-12790,24848
3328,3162,28460
3329,19906,16245
3330,23181,-883
3331,17758,-14442
3332,16127,-21636
3333,12359,-22842
3334,-890,-24747
3335,-17433,-21725
3336,-26269,-8876
3337,-25008,3751
3338,-19358,15707
3339,-9017,27798
3340,4271,30337
3341,12533,22131
3342,18726,6315
3343,23202,-11398
3344,17922,-20226
3345,11058,-22088
3346,10843,-23310
3347,7817,-23278
3348,-479,-24050
3349,-8428,-23073
3350,-16551,-17171
3351,-21478,-14248
3352,-18924,-15688
3353,-17132,-14666
3354,-22711,-11252
3355,-27575,-4241
3356,-26399,8689
3357,-25484,17324
3358,-26297,11699
3359,-23862,-217
3360,-20730,-7136
3361,-23403,-9344
3362,-28740,-8085
3363,-28093,-4385
3364,-24178,-5241
3365,-25071,-11010
3366,-25534,-15187
3367,-21267,-16961
3368,-21150,-15070
3369,-25034,-9023
3370,-24803,-7512
3371,-21171,-14097
3372,-12131,-21368
3373,3118,-24343
3374,13139,-22287
3375,17675,-17401
3376,25030,-13891
3377,27823,-10220
3378,24260,-3145
3379,25091,6093
3380,26611,14674
3381,24020,17226
3382,23450,15503
3383,21154,21088
3384,11733,29739
3385,-487,27338
3386,-13380,18985
3387,-23235,13413
3388,-25969,7484
3389,-26203,333
3390,-25082,-7513
3391,-18343,-16673
3392,-9959,-22396
3393,-8360,-22054
3394,-11917,-20453
3395,-10687,-21562
3396,-3782,-23187
3397,3821,-22447
3398,13340,-19808
3399,20835,-12323
3400,22648,1179
3401,25257,10725
3402,25564,12815
3403,19155,16151
3404,13746,21135
3405,8808,23962
3406,4219,26959
3407,6846,28220
3408,8444,26349
3409,2540,27887
3410,-3181,32458
3411,-9494,31337
3412,-19592,23121
3413,-26446,13799
3414,-24697,7448
3415,-20675,4968
3416,-24376,5576
3417,-29443,5030
3418,-25673,-181
3419,-23307,-3837
3420,-27741,1190
3421,-27222,8459
3422,-22281,9618
3423,-22550,7325
3424,-25548,5360
3425,-24395,1916
3426,-22114,-4755
3427,-24551,-10247
3428,-26293,-7501
3429,-23680,-826
3430,-23567,-887
3431,-24743,-5369
3432,-24867,-6293
3433,-28342,-2229
3434,-28810,5437
3435,-24391,10074
3436,-24762,7488
3437,-25004,4131
3438,-20264,-1782
3439,-17881,-14770
3440,-16454,-21754
3441,-15269,-18530
3442,-17047,-18623
3443,-14061,-21233
3444,-6804,-20586
3445,-5512,-22645
3446,-10035,-24899
3447,-16183,-21229
3448,-20040,-16818
3449,-17797,-13874
3450,-12744,-13314
3451,-7774,-19694
3452,-2953,-25159
3453,-831,-23421
3454,-1892,-24245
3455,-5938,-26260
3456,-10206,-21586
3457,-7268,-19724
3458,-2669,-22751
3459,-9212,-20522
3460,-19461,-16658
3461,-21798,-13957
3462,-22881,-9060
3463,-24025,-9268
3464,-16239,-15745
3465,-7575,-19973
3466,-9304,-21402
3467,-13518,-19974
3468,-16723,-14754
3469,-23509,-9614
3470,-25670,-6764
3471,-21771,-6807
3472,-23174,-4515
3473,-23809,6810
3474,-14747,19575
3475,-6377,26187
3476,-3223,28641
3477,-680,26953
3478,-477,26320
3479,789,31055
3480,7317,31684
3481,14734,24710
3482,22768,16522
3483,28952,8677
3484,27605,1628
3485,24382,-6039
3486,19030,-16967
3487,5359,-25391
3488,-7138,-25375
3489,-13644,-20062
3490,-18886,-15835
3491,-19519,-14190
3492,-20452,-8443
3493,-25888,4214
3494,-22276,15220
3495,-10528,21392
3496,-4317,27482
3497,2083,29961
3498,17054,22347
3499,29431,7396
3500,24704,-8202
3501,10209,-20006
3502,2166,-25954
3503,-5856,-24402
3504,-18463,-15996
3505,-21612,-9141
3506,-21276,-6081
3507,-24577,4904
3508,-14495,20751
3509,1250,26351
3510,5355,26264
3511,14373,22576
3512,27237,4137
3513,20935,-15983
3514,8186,-20322
3515,3840,-20523
3516,-4868,-22903
3517,-14628,-19841
3518,-16245,-16438
3519,-20631,-13460
3520,-26623,-927
3521,-22708,14963
3522,-13354,22712
3523,-4164,25684
3524,5221,24939
3525,15459,14325
3526,25396,-3010
3527,22032,-17773
3528,2776,-24339
3529,-10132,-22511
3530,-10855,-19493
3531,-14910,-19303
3532,-24327,-13064
3533,-27863,4222
3534,-16956,21401
3535,439,28885
3536,9276,30401
3537,15529,26778
3538,24505,10640
3539,20939,-13550
3540,3834,-28673
3541,-11877,-26201
3542,-21285,-13396
3543,-24238,-4826
3544,-24476,-3182
3545,-26143,5944
3546,-17765,22806
3547,3834,27359
3548,17150,17365
3549,19743,8650
3550,27560,2666
3551,26170,-8335
3552,1817,-19238
3553,-21683,-17059
3554,-28293,159
3555,-23854,18639
3556,-14185,26661
3557,-7357,28419
3558,-234,28639
3559,14610,20586
3560,24128,3751
3561,20060,-11367
3562,10040,-21480
3563,-2320,-25523
3564,-13944,-15930
3565,-19896,3939
3566,-13549,20540
3567,5241,27120
3568,18583,22343
3569,21210,13184
3570,26019,9332
3571,27843,2378
3572,18451,-14197
3573,5051,-24729
3574,-7917,-22290
3575,-18060,-15980
3576,-23825,-8184
3577,-25889,2745
3578,-18822,17871
3579,-3291,31025
3580,10763,27359
3581,20374,14265
3582,25676,11209
3583,25401,10165
3584,23621,2059
3585,23534,-5121
3586,20881,-12938
3587,13601,-21824
3588,8223,-24900
3589,6616,-25200
3590,-732,-24652
3591,-14426,-22019
3592,-20974,-16902
3593,-20718,-5080
3594,-26130,4393
3595,-29419,865
3596,-20463,-4665
3597,-16295,-6045
3598,-23655,-6634
3599,-25753,-3536
3600,-24976,-700
3601,-28757,115
3602,-25944,4888
3603,-20798,8836
3604,-23663,10832
3605,-21278,17852
3606,-10427,25014
3607,-6985,25983
3608,-12072,22541
3609,-17730,18256
3610,-21314,17114
3611,-20832,18237
3612,-18745,20188
3613,-17596,25340
3614,-14804,29402
3615,-12250,26808
3616,-11116,22535
3617,-6364,23911
3618,1830,28293
3619,11067,26493
3620,19809,19805
3621,20081,18776
3622,12159,22418
3623,9969,22195
3624,16231,19374
3625,22104,18913
3626,25059,18452
3627,25663,12914
3628,24491,3252
3629,24442,-4555
3630,24759,-9318
3631,20830,-15863
3632,11184,-22754
3633,774,-23090
3634,-3931,-20536
3635,-3990,-22575
3636,-4383,-25076
3637,-6274,-23788
3638,-10415,-21231
3639,-15447,-18968
3640,-17022,-16827
3641,-17790,-10651
3642,-22263,-1302
3643,-25411,1977
3644,-22015,5106
3645,-15278,16893
3646,-10246,25620
3647,-10199,26571
3648,-14751,27158
3649,-15686,26596
3650,-8843,25929
3651,-4779,26371
3652,-7368,24822
3653,-4782,24969
3654,4505,26694
3655,11729,25247
3656,17231,22219
3657,22860,16322
3658,24907,7640
3659,22741,1413
3660,22431,-3505
3661,27065,-5893
3662,28046,-2610
3663,23853,-2417
3664,25301,-10269
3665,27880,-15233
3666,23570,-10741
3667,19840,-9139
3668,15883,-19490
3669,7385,-26290
3670,609,-21621
3671,-5388,-22461
3672,-11051,-28556
3673,-9548,-25685
3674,-4193,-21792
3675,454,-24383
3676,5246,-25845
3677,7557,-24480
3678,8579,-22471
3679,12356,-22037
3680,17058,-23143
3681,19062,-18850
3682,18107,-13505
3683,19139,-15044
3684,23093,-15024
3685,22588,-12903
3686,19745,-12455
3687,23505,-2862
3688,28945,8869
3689,26539,10076
3690,18982,15869
3691,14671,25875
3692,15034,24987
3693,15356,25078
3694,15368,26967
3695,16806,19395
3696,17624,18751
3697,19371,23610
3698,21975,14834
3699,20141,10893
3700,17384,21142
3701,16019,23896
3702,9223,23371
3703,2489,28331
3704,3213,27537
3705,2399,26893
3706,-2271,32837
3707,-3245,32163
3708,-2040,25872
3709,-1074,25471
3710,2210,28047
3711,6657,27705
3712,8881,25413
3713,8158,25090
3714,5206,28424
3715,912,29522
3716,-1464,25753
3717,-264,25018
3718,1307,28145
3719,4784,27842
3720,11777,25708
3721,16871,23539
3722,21421,16896
3723,25650,8284
3724,23515,-11
3725,22585,-9824
3726,25033,-14770
3727,21016,-13158
3728,19822,-12529
3729,24593,-13395
3730,20002,-16615
3731,13599,-21521
3732,14879,-20095
3733,12059,-19058
3734,6859,-25578
3735,6970,-27327
3736,6214,-25323
3737,2393,-28357
3738,-2375,-26180
3739,-3765,-19723
3740,5096,-20401
3741,15588,-19625
3742,16911,-14202
3743,17637,-14387
3744,22276,-15207
3745,23421,-11401
3746,23169,-10256
3747,24320,-11168
3748,22423,-10939
3749,22087,-12439
3750,25185,-13886
3751,21656,-14112
3752,17518,-13642
3753,24122,-7450
3754,29070,2353
3755,26202,7595
3756,26065,10272
3757,23858,16040
3758,15765,24030
3759,12984,27445
3760,11959,24133
3761,4914,25373
3762,292,32317
3763,-569,31450
3764,-4635,28178
3765,-10571,30101
3766,-17538,23047
3767,-24622,7278
3768,-25651,-2686
3769,-20207,-11472
3770,-10908,-21871
3771,2019,-23453
3772,12696,-19310
3773,16571,-17310
3774,18858,-13471
3775,22219,-6939
3776,24304,-1287
3777,26429,4523
3778,26709,10551
3779,19208,17691
3780,7707,25965
3781,-950,27228
3782,-9176,20817
3783,-17828,14674
3784,-22534,6646
3785,-23352,-2899
3786,-23089,-6650
3787,-22849,-9884
3788,-21069,-16675
3789,-17077,-19182
3790,-15238,-18617
3791,-13287,-22035
3792,-2850,-25530
3793,11740,-21927
3794,22168,-12478
3795,27596,-2840
3796,26369,6712
3797,21948,16641
3798,19562,22020
3799,13003,24193
3800,1672,28782
3801,-4195,31339
3802,-4460,28032
3803,-5886,24792
3804,-10373,23916
3805,-17778,20700
3806,-24637,13052
3807,-25230,3038
3808,-20744,-7856
3809,-17537,-18479
3810,-15989,-25084
3811,-12337,-25847
3812,-8195,-25066
3813,-5761,-26560
3814,-2746,-27479
3815,1192,-24308
3816,4920,-21809
3817,8041,-24088
3818,10699,-23624
3819,17607,-16642
3820,27218,-8011
3821,27522,3695
3822,21589,14878
3823,22216,16991
3824,21335,20087
3825,10804,29652
3826,2932,30307
3827,207,23884
3828,-5295,24865
3829,-8134,27939
3830,-8126,25158
3831,-15431,17330
3832,-24112,5413
3833,-23104,-4890
3834,-15670,-13685
3835,-6656,-25048
3836,2014,-28025
3837,8462,-21431
3838,15713,-19653
3839,23237,-15740
3840,25880,-3630
3841,27442,1025
3842,29740,2350
3843,24774,13596
3844,15568,24120
3845,8520,27704
3846,-4322,27850
3847,-20352,19995
3848,-25323,7180
3849,-22817,-2572
3850,-19460,-10816
3851,-11113,-19358
3852,-520,-25329
3853,8210,-24637
3854,16455,-19647
3855,22248,-16916
3856,25366,-10721
3857,27471,2156
3858,26031,11003
3859,18295,17516
3860,4920,26552
3861,-7865,27586
3862,-16069,21643
3863,-22975,18690
3864,-26652,13745
3865,-24995,4989
3866,-24002,728
3867,-24696,397
3868,-24996,-2166
3869,-24837,-7645
3870,-21885,-13505
3871,-16116,-19226
3872,-4632,-24373
3873,13225,-23676
3874,23892,-15378
3875,25438,-5486
3876,28862,4036
3877,28168,13269
3878,19201,19761
3879,12994,24676
3880,12525,26525
3881,13297,23864
3882,9530,24199
3883,-783,27812
3884,-7457,28309
3885,-9425,26970
3886,-17525,20599
3887,-26527,8948
3888,-26926,5244
3889,-24704,7456
3890,-25612,4251
3891,-26911,736
3892,-26421,-1602
3893,-25720,-4410
3894,-26348,710
3895,-27615,7231
3896,-28228,3934
3897,-26750,-965
3898,-23420,-6185
3899,-18512,-16816
3900,-9445,-23430
3901,275,-24049
3902,4261,-25881
3903,6647,-25362
3904,12163,-21317
3905,18784,-19231
3906,23334,-18180
3907,22283,-16170
3908,20105,-14768
3909,23007,-14353
3910,25358,-12261
3911,26566,-5353
3912,29212,3969
3913,24838,11413
3914,17506,16337
3915,18703,17096
3916,20291,15436
3917,17257,17996
3918,16474,22310
3919,16627,21225
3920,18724,15564
3921,24716,7296
3922,25911,-964
3923,23915,-3498
3924,26406,-1902
3925,27122,543
3926,25234,5501
3927,26479,6083
3928,26050,-3165
3929,23953,-10704
3930,24028,-10348
3931,22343,-8870
3932,21597,-8933
3933,22430,-12924
3934,16942,-20664
3935,11375,-22683
3936,12692,-19474
3937,15167,-18189
3938,20139,-12296
3939,26162,-135
3940,25223,6033
3941,23913,3662
3942,26939,-1537
3943,26885,-5887
3944,24504,-4816
3945,23407,-2541
3946,21914,-6589
3947,18566,-12874
3948,10745,-20272
3949,2303,-28026
3950,1098,-26568
3951,2625,-22969
3952,1490,-27730
3953,614,-28384
3954,-3161,-23649
3955,-12162,-25211
3956,-17612,-24559
3957,-16639,-16277
3958,-16776,-11840
3959,-20737,-11653
3960,-23980,-6609
3961,-23176,1839
3962,-22244,4153
3963,-25844,-570
3964,-27022,-6282
3965,-18811,-14588
3966,-8958,-23475
3967,-3797,-24817
3968,897,-23654
3969,6937,-24320
3970,12977,-21060
3971,18354,-16496
3972,20743,-15379
3973,19711,-17183
3974,17457,-20549
3975,16289,-19737
3976,18029,-16359
3977,19457,-17563
3978,17819,-16896
3979,18065,-12778
3980,17724,-16908
3981,6864,-24958
3982,-8607,-23590
3983,-17566,-16633
3984,-22775,-9326
3985,-23959,5491
3986,-14657,23818
3987,1260,28584
3988,15137,21681
3989,22254,17622
3990,24211,15580
3991,27170,13032
3992,28278,13995
3993,23588,14301
3994,21787,12869
3995,23616,15154
3996,19184,18350
3997,10750,21269
3998,6282,25698
3999,5853,26584
4000,3666,25763
4001,-5732,28367
4002,-17085,27865
4003,-22060,20606
4004,-23911,10718
4005,-25320,847
4006,-22708,-5395
4007,-19742,-8101
4008,-22457,-9780
4009,-27002,-7565
4010,-27162,-3538
4011,-25418,-1578
4012,-25995,4057
4013,-24890,14057
4014,-19199,20930
4015,-14349,24463
4016,-12173,27087
4017,-8980,26485
4018,-5019,24642
4019,-546,27305
4020,7294,30184
4021,16934,25229
4022,22912,17007
4023,23755,10932
4024,24089,4094
4025,27075,-2255
4026,26845,-7489
4027,20595,-13998
4028,18971,-15497
4029,24918,-7908
4030,26563,4176
4031,21485,16671
4032,14255,24477
4033,3304,27514
4034,-7034,29412
4035,-12464,25380
4036,-19358,16960
4037,-26038,12928
4038,-25692,10684
4039,-23546,10118
4040,-22045,15890
4041,-17623,20894
4042,-14936,22141
4043,-14571,25084
4044,-8488,26866
4045,2025,25552
4046,11592,22581
4047,21114,12129
4048,25609,-5209
4049,17480,-18064
4050,2297,-22962
